track_id,stream_date,streams
1,2021-05-21,4239093
2,2021-05-21,4239093
3,2021-05-21,1211169
4,2021-05-21,1211169
5,2021-05-21,1211169
6,2021-05-21,1211169
1,2021-05-22,4163980
2,2021-05-22,4163980
3,2021-05-22,1189708
4,2021-05-22,1189708
5,2021-05-22,1189708
6,2021-05-22,1189708
1,2021-05-23,4262147
2,2021-05-23,4262147
3,2021-05-23,1217756
4,2021-05-23,1217756
5,2021-05-23,1217756
6,2021-05-23,1217756
1,2021-05-24,4222404
2,2021-05-24,4222404
3,2021-05-24,1206401
4,2021-05-24,1206401
5,2021-05-24,1206401
6,2021-05-24,1206401
1,2021-05-25,3622217
2,2021-05-25,3622217
3,2021-05-25,1034919
4,2021-05-25,1034919
5,2021-05-25,1034919
6,2021-05-25,1034919
1,2021-05-26,3435939
2,2021-05-26,3435939
3,2021-05-26,981696
4,2021-05-26,981696
5,2021-05-26,981696
6,2021-05-26,981696
1,2021-05-27,3696578
2,2021-05-27,3696578
3,2021-05-27,1056165
4,2021-05-27,1056165
5,2021-05-27,1056165
6,2021-05-27,1056165
1,2021-05-28,3611719
2,2021-05-28,3611719
3,2021-05-28,1031919
4,2021-05-28,1031919
5,2021-05-28,1031919
6,2021-05-28,1031919
1,2021-05-29,3443086
2,2021-05-29,3443086
3,2021-05-29,983738
4,2021-05-29,983738
5,2021-05-29,983738
6,2021-05-29,983738
1,2021-05-30,3565776
2,2021-05-30,3565776
3,2021-05-30,1018793
4,2021-05-30,1018793
5,2021-05-30,1018793
6,2021-05-30,1018793
1,2021-05-31,3222905
2,2021-05-31,3222905
3,2021-05-31,920830
4,2021-05-31,920830
5,2021-05-31,920830
6,2021-05-31,920830
1,2021-06-01,3010223
2,2021-06-01,3010223
3,2021-06-01,860063
4,2021-06-01,860063
5,2021-06-01,860063
6,2021-06-01,860063
1,2021-06-02,2958862
2,2021-06-02,2958862
3,2021-06-02,845389
4,2021-06-02,845389
5,2021-06-02,845389
6,2021-06-02,845389
1,2021-06-03,2605353
2,2021-06-03,2605353
3,2021-06-03,744386
4,2021-06-03,744386
5,2021-06-03,744386
6,2021-06-03,744386
1,2021-06-04,2672594
2,2021-06-04,2672594
3,2021-06-04,763598
4,2021-06-04,763598
5,2021-06-04,763598
6,2021-06-04,763598
1,2021-06-05,2881519
2,2021-06-05,2881519
3,2021-06-05,823291
4,2021-06-05,823291
5,2021-06-05,823291
6,2021-06-05,823291
1,2021-06-06,2771419
2,2021-06-06,2771419
3,2021-06-06,791834
4,2021-06-06,791834
5,2021-06-06,791834
6,2021-06-06,791834
1,2021-06-07,2818007
2,2021-06-07,2818007
3,2021-06-07,805145
4,2021-06-07,805145
5,2021-06-07,805145
6,2021-06-07,805145
1,2021-06-08,2473972
2,2021-06-08,2473972
3,2021-06-08,706849
4,2021-06-08,706849
5,2021-06-08,706849
6,2021-06-08,706849
1,2021-06-09,2284758
2,2021-06-09,2284758
3,2021-06-09,652788
4,2021-06-09,652788
5,2021-06-09,652788
6,2021-06-09,652788
1,2021-06-10,2600119
2,2021-06-10,2600119
3,2021-06-10,742891
4,2021-06-10,742891
5,2021-06-10,742891
6,2021-06-10,742891
1,2021-06-11,2431731
2,2021-06-11,2431731
3,2021-06-11,694780
4,2021-06-11,694780
5,2021-06-11,694780
6,2021-06-11,694780
1,2021-06-12,2501571
2,2021-06-12,2501571
3,2021-06-12,714734
4,2021-06-12,714734
5,2021-06-12,714734
6,2021-06-12,714734
1,2021-06-13,2279918
2,2021-06-13,2279918
3,2021-06-13,651405
4,2021-06-13,651405
5,2021-06-13,651405
6,2021-06-13,651405
1,2021-06-14,2269493
2,2021-06-14,2269493
3,2021-06-14,648426
4,2021-06-14,648426
5,2021-06-14,648426
6,2021-06-14,648426
1,2021-06-15,2191384
2,2021-06-15,2191384
3,2021-06-15,626109
4,2021-06-15,626109
5,2021-06-15,626109
6,2021-06-15,626109
1,2021-06-16,1948254
2,2021-06-16,1948254
3,2021-06-16,556644
4,2021-06-16,556644
5,2021-06-16,556644
6,2021-06-16,556644
1,2021-06-17,2075411
2,2021-06-17,2075411
3,2021-06-17,592974
4,2021-06-17,592974
5,2021-06-17,592974
6,2021-06-17,592974
1,2021-06-18,2006070
2,2021-06-18,2006070
3,2021-06-18,573162
4,2021-06-18,573162
5,2021-06-18,573162
6,2021-06-18,573162
1,2021-06-19,2065907
2,2021-06-19,2065907
3,2021-06-19,590259
4,2021-06-19,590259
5,2021-06-19,590259
6,2021-06-19,590259
1,2021-06-20,2002122
2,2021-06-20,2002122
3,2021-06-20,572034
4,2021-06-20,572034
5,2021-06-20,572034
6,2021-06-20,572034
1,2021-06-21,2143498
2,2021-06-21,2143498
3,2021-06-21,612428
4,2021-06-21,612428
5,2021-06-21,612428
6,2021-06-21,612428
1,2021-06-22,1831326
2,2021-06-22,1831326
3,2021-06-22,523236
4,2021-06-22,523236
5,2021-06-22,523236
6,2021-06-22,523236
1,2021-06-23,1646387
2,2021-06-23,1646387
3,2021-06-23,470396
4,2021-06-23,470396
5,2021-06-23,470396
6,2021-06-23,470396
1,2021-06-24,1783479
2,2021-06-24,1783479
3,2021-06-24,509565
4,2021-06-24,509565
5,2021-06-24,509565
6,2021-06-24,509565
1,2021-06-25,1632966
2,2021-06-25,1632966
3,2021-06-25,466561
4,2021-06-25,466561
5,2021-06-25,466561
6,2021-06-25,466561
1,2021-06-26,1781336
2,2021-06-26,1781336
3,2021-06-26,508953
4,2021-06-26,508953
5,2021-06-26,508953
6,2021-06-26,508953
1,2021-06-27,1565719
2,2021-06-27,1565719
3,2021-06-27,447348
4,2021-06-27,447348
5,2021-06-27,447348
6,2021-06-27,447348
1,2021-06-28,1540123
2,2021-06-28,1540123
3,2021-06-28,440035
4,2021-06-28,440035
5,2021-06-28,440035
6,2021-06-28,440035
1,2021-06-29,1556164
2,2021-06-29,1556164
3,2021-06-29,444618
4,2021-06-29,444618
5,2021-06-29,444618
6,2021-06-29,444618
1,2021-06-30,1515719
2,2021-06-30,1515719
3,2021-06-30,433062
4,2021-06-30,433062
5,2021-06-30,433062
6,2021-06-30,433062
1,2021-07-01,1452821
2,2021-07-01,1452821
3,2021-07-01,415091
4,2021-07-01,415091
5,2021-07-01,415091
6,2021-07-01,415091
1,2021-07-02,1453969
2,2021-07-02,1453969
3,2021-07-02,415419
4,2021-07-02,415419
5,2021-07-02,415419
6,2021-07-02,415419
1,2021-07-03,1460119
2,2021-07-03,1460119
3,2021-07-03,417176
4,2021-07-03,417176
5,2021-07-03,417176
6,2021-07-03,417176
1,2021-07-04,1351722
2,2021-07-04,1351722
3,2021-07-04,386206
4,2021-07-04,386206
5,2021-07-04,386206
6,2021-07-04,386206
1,2021-07-05,1337278
2,2021-07-05,1337278
3,2021-07-05,382079
4,2021-07-05,382079
5,2021-07-05,382079
6,2021-07-05,382079
1,2021-07-06,1265972
2,2021-07-06,1265972
3,2021-07-06,361706
4,2021-07-06,361706
5,2021-07-06,361706
6,2021-07-06,361706
1,2021-07-07,1294147
2,2021-07-07,1294147
3,2021-07-07,369756
4,2021-07-07,369756
5,2021-07-07,369756
6,2021-07-07,369756
1,2021-07-08,1232104
2,2021-07-08,1232104
3,2021-07-08,352029
4,2021-07-08,352029
5,2021-07-08,352029
6,2021-07-08,352029
1,2021-07-09,1121343
2,2021-07-09,1121343
3,2021-07-09,320383
4,2021-07-09,320383
5,2021-07-09,320383
6,2021-07-09,320383
1,2021-07-10,1266776
2,2021-07-10,1266776
3,2021-07-10,361936
4,2021-07-10,361936
5,2021-07-10,361936
6,2021-07-10,361936
1,2021-07-11,1203763
2,2021-07-11,1203763
3,2021-07-11,343932
4,2021-07-11,343932
5,2021-07-11,343932
6,2021-07-11,343932
1,2021-07-12,1127016
2,2021-07-12,1127016
3,2021-07-12,322004
4,2021-07-12,322004
5,2021-07-12,322004
6,2021-07-12,322004
1,2021-07-13,1122974
2,2021-07-13,1122974
3,2021-07-13,320849
4,2021-07-13,320849
5,2021-07-13,320849
6,2021-07-13,320849
1,2021-07-14,1086893
2,2021-07-14,1086893
3,2021-07-14,310541
4,2021-07-14,310541
5,2021-07-14,310541
6,2021-07-14,310541
1,2021-07-15,1066000
2,2021-07-15,1066000
3,2021-07-15,304571
4,2021-07-15,304571
5,2021-07-15,304571
6,2021-07-15,304571
1,2021-07-16,990699
2,2021-07-16,990699
3,2021-07-16,283057
4,2021-07-16,283057
5,2021-07-16,283057
6,2021-07-16,283057
1,2021-07-17,1032035
2,2021-07-17,1032035
3,2021-07-17,294867
4,2021-07-17,294867
5,2021-07-17,294867
6,2021-07-17,294867
1,2021-07-18,1049207
2,2021-07-18,1049207
3,2021-07-18,299773
4,2021-07-18,299773
5,2021-07-18,299773
6,2021-07-18,299773
1,2021-07-19,1028749
2,2021-07-19,1028749
3,2021-07-19,293928
4,2021-07-19,293928
5,2021-07-19,293928
6,2021-07-19,293928
1,2021-07-20,894328
2,2021-07-20,894328
3,2021-07-20,255522
4,2021-07-20,255522
5,2021-07-20,255522
6,2021-07-20,255522
1,2021-07-21,861091
2,2021-07-21,861091
3,2021-07-21,246026
4,2021-07-21,246026
5,2021-07-21,246026
6,2021-07-21,246026
1,2021-07-22,809134
2,2021-07-22,809134
3,2021-07-22,231181
4,2021-07-22,231181
5,2021-07-22,231181
6,2021-07-22,231181
1,2021-07-23,817554
2,2021-07-23,817554
3,2021-07-23,233586
4,2021-07-23,233586
5,2021-07-23,233586
6,2021-07-23,233586
1,2021-07-24,917273
2,2021-07-24,917273
3,2021-07-24,262078
4,2021-07-24,262078
5,2021-07-24,262078
6,2021-07-24,262078
1,2021-07-25,926753
2,2021-07-25,926753
3,2021-07-25,264786
4,2021-07-25,264786
5,2021-07-25,264786
6,2021-07-25,264786
1,2021-07-26,821868
2,2021-07-26,821868
3,2021-07-26,234819
4,2021-07-26,234819
5,2021-07-26,234819
6,2021-07-26,234819
1,2021-07-27,809159
2,2021-07-27,809159
3,2021-07-27,231188
4,2021-07-27,231188
5,2021-07-27,231188
6,2021-07-27,231188
1,2021-07-28,744088
2,2021-07-28,744088
3,2021-07-28,212596
4,2021-07-28,212596
5,2021-07-28,212596
6,2021-07-28,212596
1,2021-07-29,697007
2,2021-07-29,697007
3,2021-07-29,199144
4,2021-07-29,199144
5,2021-07-29,199144
6,2021-07-29,199144
1,2021-07-30,744425
2,2021-07-30,744425
3,2021-07-30,212693
4,2021-07-30,212693
5,2021-07-30,212693
6,2021-07-30,212693
1,2021-07-31,798219
2,2021-07-31,798219
3,2021-07-31,228062
4,2021-07-31,228062
5,2021-07-31,228062
6,2021-07-31,228062
1,2021-08-01,728506
2,2021-08-01,728506
3,2021-08-01,208144
4,2021-08-01,208144
5,2021-08-01,208144
6,2021-08-01,208144
1,2021-08-02,747865
2,2021-08-02,747865
3,2021-08-02,213675
4,2021-08-02,213675
5,2021-08-02,213675
6,2021-08-02,213675
1,2021-08-03,563041
2,2021-08-03,563041
3,2021-08-03,160868
4,2021-08-03,160868
5,2021-08-03,160868
6,2021-08-03,160868
1,2021-08-04,639845
2,2021-08-04,639845
3,2021-08-04,182812
4,2021-08-04,182812
5,2021-08-04,182812
6,2021-08-04,182812
1,2021-08-05,608282
2,2021-08-05,608282
3,2021-08-05,173795
4,2021-08-05,173795
5,2021-08-05,173795
6,2021-08-05,173795
1,2021-08-06,605681
2,2021-08-06,605681
3,2021-08-06,173051
4,2021-08-06,173051
5,2021-08-06,173051
6,2021-08-06,173051
1,2021-08-07,626147
2,2021-08-07,626147
3,2021-08-07,178899
4,2021-08-07,178899
5,2021-08-07,178899
6,2021-08-07,178899
1,2021-08-08,552709
2,2021-08-08,552709
3,2021-08-08,157916
4,2021-08-08,157916
5,2021-08-08,157916
6,2021-08-08,157916
1,2021-08-09,576842
2,2021-08-09,576842
3,2021-08-09,164812
4,2021-08-09,164812
5,2021-08-09,164812
6,2021-08-09,164812
1,2021-08-10,554552
2,2021-08-10,554552
3,2021-08-10,158443
4,2021-08-10,158443
5,2021-08-10,158443
6,2021-08-10,158443
1,2021-08-11,554994
2,2021-08-11,554994
3,2021-08-11,158569
4,2021-08-11,158569
5,2021-08-11,158569
6,2021-08-11,158569
1,2021-08-12,496088
2,2021-08-12,496088
3,2021-08-12,141739
4,2021-08-12,141739
5,2021-08-12,141739
6,2021-08-12,141739
1,2021-08-13,496144
2,2021-08-13,496144
3,2021-08-13,141755
4,2021-08-13,141755
5,2021-08-13,141755
6,2021-08-13,141755
1,2021-08-14,510971
2,2021-08-14,510971
3,2021-08-14,145991
4,2021-08-14,145991
5,2021-08-14,145991
6,2021-08-14,145991
1,2021-08-15,539676
2,2021-08-15,539676
3,2021-08-15,154193
4,2021-08-15,154193
5,2021-08-15,154193
6,2021-08-15,154193
1,2021-08-16,498513
2,2021-08-16,498513
3,2021-08-16,142432
4,2021-08-16,142432
5,2021-08-16,142432
6,2021-08-16,142432
1,2021-08-17,446005
2,2021-08-17,446005
3,2021-08-17,127430
4,2021-08-17,127430
5,2021-08-17,127430
6,2021-08-17,127430
1,2021-08-18,445732
2,2021-08-18,445732
3,2021-08-18,127352
4,2021-08-18,127352
5,2021-08-18,127352
6,2021-08-18,127352
1,2021-08-19,430335
2,2021-08-19,430335
3,2021-08-19,122953
4,2021-08-19,122953
5,2021-08-19,122953
6,2021-08-19,122953
1,2021-08-20,455839
2,2021-08-20,455839
3,2021-08-20,130239
4,2021-08-20,130239
5,2021-08-20,130239
6,2021-08-20,130239
1,2021-08-21,425260
2,2021-08-21,425260
3,2021-08-21,121503
4,2021-08-21,121503
5,2021-08-21,121503
6,2021-08-21,121503
1,2021-08-22,426840
2,2021-08-22,426840
3,2021-08-22,121954
4,2021-08-22,121954
5,2021-08-22,121954
6,2021-08-22,121954
1,2021-08-23,404333
2,2021-08-23,404333
3,2021-08-23,115523
4,2021-08-23,115523
5,2021-08-23,115523
6,2021-08-23,115523
1,2021-08-24,357058
2,2021-08-24,357058
3,2021-08-24,102016
4,2021-08-24,102016
5,2021-08-24,102016
6,2021-08-24,102016
1,2021-08-25,370847
2,2021-08-25,370847
3,2021-08-25,105956
4,2021-08-25,105956
5,2021-08-25,105956
6,2021-08-25,105956
1,2021-08-26,364820
2,2021-08-26,364820
3,2021-08-26,104234
4,2021-08-26,104234
5,2021-08-26,104234
6,2021-08-26,104234
1,2021-08-27,365699
2,2021-08-27,365699
3,2021-08-27,104485
4,2021-08-27,104485
5,2021-08-27,104485
6,2021-08-27,104485
1,2021-08-28,366262
2,2021-08-28,366262
3,2021-08-28,104646
4,2021-08-28,104646
5,2021-08-28,104646
6,2021-08-28,104646
1,2021-08-29,339082
2,2021-08-29,339082
3,2021-08-29,96880
4,2021-08-29,96880
5,2021-08-29,96880
6,2021-08-29,96880
1,2021-08-30,339507
2,2021-08-30,339507
3,2021-08-30,97002
4,2021-08-30,97002
5,2021-08-30,97002
6,2021-08-30,97002
1,2021-08-31,318403
2,2021-08-31,318403
3,2021-08-31,90972
4,2021-08-31,90972
5,2021-08-31,90972
6,2021-08-31,90972
1,2021-09-01,294967
2,2021-09-01,294967
3,2021-09-01,84276
4,2021-09-01,84276
5,2021-09-01,84276
6,2021-09-01,84276
1,2021-09-02,300381
2,2021-09-02,300381
3,2021-09-02,85823
4,2021-09-02,85823
5,2021-09-02,85823
6,2021-09-02,85823
1,2021-09-03,313648
2,2021-09-03,313648
3,2021-09-03,89613
4,2021-09-03,89613
5,2021-09-03,89613
6,2021-09-03,89613
1,2021-09-04,341035
2,2021-09-04,341035
3,2021-09-04,97438
4,2021-09-04,97438
5,2021-09-04,97438
6,2021-09-04,97438
1,2021-09-05,309527
2,2021-09-05,309527
3,2021-09-05,88436
4,2021-09-05,88436
5,2021-09-05,88436
6,2021-09-05,88436
1,2021-09-06,295379
2,2021-09-06,295379
3,2021-09-06,84394
4,2021-09-06,84394
5,2021-09-06,84394
6,2021-09-06,84394
1,2021-09-07,271398
2,2021-09-07,271398
3,2021-09-07,77542
4,2021-09-07,77542
5,2021-09-07,77542
6,2021-09-07,77542
1,2021-09-08,233611
2,2021-09-08,233611
3,2021-09-08,66746
4,2021-09-08,66746
5,2021-09-08,66746
6,2021-09-08,66746
1,2021-09-09,254305
2,2021-09-09,254305
3,2021-09-09,72658
4,2021-09-09,72658
5,2021-09-09,72658
6,2021-09-09,72658
1,2021-09-10,259301
2,2021-09-10,259301
3,2021-09-10,74086
4,2021-09-10,74086
5,2021-09-10,74086
6,2021-09-10,74086
1,2021-09-11,294336
2,2021-09-11,294336
3,2021-09-11,84096
4,2021-09-11,84096
5,2021-09-11,84096
6,2021-09-11,84096
1,2021-09-12,255546
2,2021-09-12,255546
3,2021-09-12,73013
4,2021-09-12,73013
5,2021-09-12,73013
6,2021-09-12,73013
1,2021-09-13,248923
2,2021-09-13,248923
3,2021-09-13,71120
4,2021-09-13,71120
5,2021-09-13,71120
6,2021-09-13,71120
1,2021-09-14,228672
2,2021-09-14,228672
3,2021-09-14,65335
4,2021-09-14,65335
5,2021-09-14,65335
6,2021-09-14,65335
1,2021-09-15,204592
2,2021-09-15,204592
3,2021-09-15,58455
4,2021-09-15,58455
5,2021-09-15,58455
6,2021-09-15,58455
1,2021-09-16,226363
2,2021-09-16,226363
3,2021-09-16,64675
4,2021-09-16,64675
5,2021-09-16,64675
6,2021-09-16,64675
1,2021-09-17,225564
2,2021-09-17,225564
3,2021-09-17,64446
4,2021-09-17,64446
5,2021-09-17,64446
6,2021-09-17,64446
1,2021-09-18,229081
2,2021-09-18,229081
3,2021-09-18,65451
4,2021-09-18,65451
5,2021-09-18,65451
6,2021-09-18,65451
1,2021-09-19,207109
2,2021-09-19,207109
3,2021-09-19,59174
4,2021-09-19,59174
5,2021-09-19,59174
6,2021-09-19,59174
1,2021-09-20,220673
2,2021-09-20,220673
3,2021-09-20,63049
4,2021-09-20,63049
5,2021-09-20,63049
6,2021-09-20,63049
1,2021-09-21,179122
2,2021-09-21,179122
3,2021-09-21,51177
4,2021-09-21,51177
5,2021-09-21,51177
6,2021-09-21,51177
1,2021-09-22,188079
2,2021-09-22,188079
3,2021-09-22,53737
4,2021-09-22,53737
5,2021-09-22,53737
6,2021-09-22,53737
1,2021-09-23,199780
2,2021-09-23,199780
3,2021-09-23,57080
4,2021-09-23,57080
5,2021-09-23,57080
6,2021-09-23,57080
1,2021-09-24,173749
2,2021-09-24,173749
3,2021-09-24,49642
4,2021-09-24,49642
5,2021-09-24,49642
6,2021-09-24,49642
1,2021-09-25,180057
2,2021-09-25,180057
3,2021-09-25,51445
4,2021-09-25,51445
5,2021-09-25,51445
6,2021-09-25,51445
1,2021-09-26,183362
2,2021-09-26,183362
3,2021-09-26,52389
4,2021-09-26,52389
5,2021-09-26,52389
6,2021-09-26,52389
1,2021-09-27,169035
2,2021-09-27,169035
3,2021-09-27,48295
4,2021-09-27,48295
5,2021-09-27,48295
6,2021-09-27,48295
1,2021-09-28,149418
2,2021-09-28,149418
3,2021-09-28,42691
4,2021-09-28,42691
5,2021-09-28,42691
6,2021-09-28,42691
1,2021-09-29,154173
2,2021-09-29,154173
3,2021-09-29,44049
4,2021-09-29,44049
5,2021-09-29,44049
6,2021-09-29,44049
1,2021-09-30,143369
2,2021-09-30,143369
3,2021-09-30,40962
4,2021-09-30,40962
5,2021-09-30,40962
6,2021-09-30,40962
1,2021-10-01,157358
2,2021-10-01,157358
3,2021-10-01,44959
4,2021-10-01,44959
5,2021-10-01,44959
6,2021-10-01,44959
1,2021-10-02,148658
2,2021-10-02,148658
3,2021-10-02,42473
4,2021-10-02,42473
5,2021-10-02,42473
6,2021-10-02,42473
1,2021-10-03,165314
2,2021-10-03,165314
3,2021-10-03,47232
4,2021-10-03,47232
5,2021-10-03,47232
6,2021-10-03,47232
1,2021-10-04,140101
2,2021-10-04,140101
3,2021-10-04,40029
4,2021-10-04,40029
5,2021-10-04,40029
6,2021-10-04,40029
1,2021-10-05,134012
2,2021-10-05,134012
3,2021-10-05,38289
4,2021-10-05,38289
5,2021-10-05,38289
6,2021-10-05,38289
1,2021-10-06,134456
2,2021-10-06,134456
3,2021-10-06,38416
4,2021-10-06,38416
5,2021-10-06,38416
6,2021-10-06,38416
1,2021-10-07,119485
2,2021-10-07,119485
3,2021-10-07,34138
4,2021-10-07,34138
5,2021-10-07,34138
6,2021-10-07,34138
1,2021-10-08,130731
2,2021-10-08,130731
3,2021-10-08,37351
4,2021-10-08,37351
5,2021-10-08,37351
6,2021-10-08,37351
1,2021-10-09,139593
2,2021-10-09,139593
3,2021-10-09,39883
4,2021-10-09,39883
5,2021-10-09,39883
6,2021-10-09,39883
1,2021-10-10,118644
2,2021-10-10,118644
3,2021-10-10,33898
4,2021-10-10,33898
5,2021-10-10,33898
6,2021-10-10,33898
1,2021-10-11,123744
2,2021-10-11,123744
3,2021-10-11,35355
4,2021-10-11,35355
5,2021-10-11,35355
6,2021-10-11,35355
1,2021-10-12,116023
2,2021-10-12,116023
3,2021-10-12,33149
4,2021-10-12,33149
5,2021-10-12,33149
6,2021-10-12,33149
1,2021-10-13,112892
2,2021-10-13,112892
3,2021-10-13,32254
4,2021-10-13,32254
5,2021-10-13,32254
6,2021-10-13,32254
1,2021-10-14,100442
2,2021-10-14,100442
3,2021-10-14,28697
4,2021-10-14,28697
5,2021-10-14,28697
6,2021-10-14,28697
1,2021-10-15,101519
2,2021-10-15,101519
3,2021-10-15,29005
4,2021-10-15,29005
5,2021-10-15,29005
6,2021-10-15,29005
1,2021-10-16,113058
2,2021-10-16,113058
3,2021-10-16,32302
4,2021-10-16,32302
5,2021-10-16,32302
6,2021-10-16,32302
1,2021-10-17,110098
2,2021-10-17,110098
3,2021-10-17,31456
4,2021-10-17,31456
5,2021-10-17,31456
6,2021-10-17,31456
1,2021-10-18,104396
2,2021-10-18,104396
3,2021-10-18,29827
4,2021-10-18,29827
5,2021-10-18,29827
6,2021-10-18,29827
1,2021-10-19,97980
2,2021-10-19,97980
3,2021-10-19,27994
4,2021-10-19,27994
5,2021-10-19,27994
6,2021-10-19,27994
1,2021-10-20,88252
2,2021-10-20,88252
3,2021-10-20,25215
4,2021-10-20,25215
5,2021-10-20,25215
6,2021-10-20,25215
1,2021-10-21,91075
2,2021-10-21,91075
3,2021-10-21,26021
4,2021-10-21,26021
5,2021-10-21,26021
6,2021-10-21,26021
1,2021-10-22,92740
2,2021-10-22,92740
3,2021-10-22,26497
4,2021-10-22,26497
5,2021-10-22,26497
6,2021-10-22,26497
1,2021-10-23,89343
2,2021-10-23,89343
3,2021-10-23,25526
4,2021-10-23,25526
5,2021-10-23,25526
6,2021-10-23,25526
1,2021-10-24,99737
2,2021-10-24,99737
3,2021-10-24,28496
4,2021-10-24,28496
5,2021-10-24,28496
6,2021-10-24,28496
1,2021-10-25,88754
2,2021-10-25,88754
3,2021-10-25,25358
4,2021-10-25,25358
5,2021-10-25,25358
6,2021-10-25,25358
1,2021-10-26,76164
2,2021-10-26,76164
3,2021-10-26,21761
4,2021-10-26,21761
5,2021-10-26,21761
6,2021-10-26,21761
1,2021-10-27,79345
2,2021-10-27,79345
3,2021-10-27,22670
4,2021-10-27,22670
5,2021-10-27,22670
6,2021-10-27,22670
1,2021-10-28,72016
2,2021-10-28,72016
3,2021-10-28,20576
4,2021-10-28,20576
5,2021-10-28,20576
6,2021-10-28,20576
1,2021-10-29,79884
2,2021-10-29,79884
3,2021-10-29,22824
4,2021-10-29,22824
5,2021-10-29,22824
6,2021-10-29,22824
1,2021-10-30,82424
2,2021-10-30,82424
3,2021-10-30,23549
4,2021-10-30,23549
5,2021-10-30,23549
6,2021-10-30,23549
1,2021-10-31,73564
2,2021-10-31,73564
3,2021-10-31,21018
4,2021-10-31,21018
5,2021-10-31,21018
6,2021-10-31,21018
1,2021-11-01,76417
2,2021-11-01,76417
3,2021-11-01,21833
4,2021-11-01,21833
5,2021-11-01,21833
6,2021-11-01,21833
1,2021-11-02,69508
2,2021-11-02,69508
3,2021-11-02,19859
4,2021-11-02,19859
5,2021-11-02,19859
6,2021-11-02,19859
1,2021-11-03,67255
2,2021-11-03,67255
3,2021-11-03,19215
4,2021-11-03,19215
5,2021-11-03,19215
6,2021-11-03,19215
1,2021-11-04,69698
2,2021-11-04,69698
3,2021-11-04,19913
4,2021-11-04,19913
5,2021-11-04,19913
6,2021-11-04,19913
1,2021-11-05,63837
2,2021-11-05,63837
3,2021-11-05,18239
4,2021-11-05,18239
5,2021-11-05,18239
6,2021-11-05,18239
1,2021-11-06,63046
2,2021-11-06,63046
3,2021-11-06,18013
4,2021-11-06,18013
5,2021-11-06,18013
6,2021-11-06,18013
1,2021-11-07,61638
2,2021-11-07,61638
3,2021-11-07,17610
4,2021-11-07,17610
5,2021-11-07,17610
6,2021-11-07,17610
1,2021-11-08,58805
2,2021-11-08,58805
3,2021-11-08,16801
4,2021-11-08,16801
5,2021-11-08,16801
6,2021-11-08,16801
1,2021-11-09,57046
2,2021-11-09,57046
3,2021-11-09,16299
4,2021-11-09,16299
5,2021-11-09,16299
6,2021-11-09,16299
1,2021-11-10,55249
2,2021-11-10,55249
3,2021-11-10,15785
4,2021-11-10,15785
5,2021-11-10,15785
6,2021-11-10,15785
1,2021-11-11,54272
2,2021-11-11,54272
3,2021-11-11,15506
4,2021-11-11,15506
5,2021-11-11,15506
6,2021-11-11,15506
1,2021-11-12,56595
2,2021-11-12,56595
3,2021-11-12,16170
4,2021-11-12,16170
5,2021-11-12,16170
6,2021-11-12,16170
1,2021-11-13,55127
2,2021-11-13,55127
3,2021-11-13,15750
4,2021-11-13,15750
5,2021-11-13,15750
6,2021-11-13,15750
1,2021-11-14,58185
2,2021-11-14,58185
3,2021-11-14,16624
4,2021-11-14,16624
5,2021-11-14,16624
6,2021-11-14,16624
1,2021-11-15,50870
2,2021-11-15,50870
3,2021-11-15,14534
4,2021-11-15,14534
5,2021-11-15,14534
6,2021-11-15,14534
1,2021-11-16,54705
2,2021-11-16,54705
3,2021-11-16,15630
4,2021-11-16,15630
5,2021-11-16,15630
6,2021-11-16,15630
7,2023-09-08,3970440
8,2023-09-08,3970440
9,2023-09-08,1134411
10,2023-09-08,1134411
11,2023-09-08,1134411
7,2023-09-09,3766375
8,2023-09-09,3766375
9,2023-09-09,1076107
10,2023-09-09,1076107
11,2023-09-09,1076107
7,2023-09-10,3697401
8,2023-09-10,3697401
9,2023-09-10,1056400
10,2023-09-10,1056400
11,2023-09-10,1056400
7,2023-09-11,3833821
8,2023-09-11,3833821
9,2023-09-11,1095377
10,2023-09-11,1095377
11,2023-09-11,1095377
7,2023-09-12,3486471
8,2023-09-12,3486471
9,2023-09-12,996134
10,2023-09-12,996134
11,2023-09-12,996134
7,2023-09-13,3492642
8,2023-09-13,3492642
9,2023-09-13,997897
10,2023-09-13,997897
11,2023-09-13,997897
7,2023-09-14,3430006
8,2023-09-14,3430006
9,2023-09-14,980001
10,2023-09-14,980001
11,2023-09-14,980001
7,2023-09-15,3417470
8,2023-09-15,3417470
9,2023-09-15,976420
10,2023-09-15,976420
11,2023-09-15,976420
7,2023-09-16,3357275
8,2023-09-16,3357275
9,2023-09-16,959221
10,2023-09-16,959221
11,2023-09-16,959221
7,2023-09-17,3216753
8,2023-09-17,3216753
9,2023-09-17,919072
10,2023-09-17,919072
11,2023-09-17,919072
7,2023-09-18,3260633
8,2023-09-18,3260633
9,2023-09-18,931609
10,2023-09-18,931609
11,2023-09-18,931609
7,2023-09-19,3275695
8,2023-09-19,3275695
9,2023-09-19,935912
10,2023-09-19,935912
11,2023-09-19,935912
7,2023-09-20,3036496
8,2023-09-20,3036496
9,2023-09-20,867570
10,2023-09-20,867570
11,2023-09-20,867570
7,2023-09-21,2799218
8,2023-09-21,2799218
9,2023-09-21,799776
10,2023-09-21,799776
11,2023-09-21,799776
7,2023-09-22,3082206
8,2023-09-22,3082206
9,2023-09-22,880630
10,2023-09-22,880630
11,2023-09-22,880630
7,2023-09-23,3183400
8,2023-09-23,3183400
9,2023-09-23,909543
10,2023-09-23,909543
11,2023-09-23,909543
7,2023-09-24,2963625
8,2023-09-24,2963625
9,2023-09-24,846750
10,2023-09-24,846750
11,2023-09-24,846750
7,2023-09-25,2994066
8,2023-09-25,2994066
9,2023-09-25,855447
10,2023-09-25,855447
11,2023-09-25,855447
7,2023-09-26,2806626
8,2023-09-26,2806626
9,2023-09-26,801893
10,2023-09-26,801893
11,2023-09-26,801893
7,2023-09-27,2523597
8,2023-09-27,2523597
9,2023-09-27,721027
10,2023-09-27,721027
11,2023-09-27,721027
7,2023-09-28,2707046
8,2023-09-28,2707046
9,2023-09-28,773441
10,2023-09-28,773441
11,2023-09-28,773441
7,2023-09-29,2798694
8,2023-09-29,2798694
9,2023-09-29,799626
10,2023-09-29,799626
11,2023-09-29,799626
7,2023-09-30,2933159
8,2023-09-30,2933159
9,2023-09-30,838045
10,2023-09-30,838045
11,2023-09-30,838045
7,2023-10-01,2907916
8,2023-10-01,2907916
9,2023-10-01,830833
10,2023-10-01,830833
11,2023-10-01,830833
7,2023-10-02,2464725
8,2023-10-02,2464725
9,2023-10-02,704207
10,2023-10-02,704207
11,2023-10-02,704207
7,2023-10-03,2376256
8,2023-10-03,2376256
9,2023-10-03,678930
10,2023-10-03,678930
11,2023-10-03,678930
7,2023-10-04,2445949
8,2023-10-04,2445949
9,2023-10-04,698842
10,2023-10-04,698842
11,2023-10-04,698842
7,2023-10-05,2430184
8,2023-10-05,2430184
9,2023-10-05,694338
10,2023-10-05,694338
11,2023-10-05,694338
7,2023-10-06,2487806
8,2023-10-06,2487806
9,2023-10-06,710801
10,2023-10-06,710801
11,2023-10-06,710801
7,2023-10-07,2956437
8,2023-10-07,2956437
9,2023-10-07,844696
10,2023-10-07,844696
11,2023-10-07,844696
7,2023-10-08,2531237
8,2023-10-08,2531237
9,2023-10-08,723210
10,2023-10-08,723210
11,2023-10-08,723210
7,2023-10-09,2492164
8,2023-10-09,2492164
9,2023-10-09,712047
10,2023-10-09,712047
11,2023-10-09,712047
7,2023-10-10,2327105
8,2023-10-10,2327105
9,2023-10-10,664887
10,2023-10-10,664887
11,2023-10-10,664887
7,2023-10-11,2193576
8,2023-10-11,2193576
9,2023-10-11,626736
10,2023-10-11,626736
11,2023-10-11,626736
7,2023-10-12,2077548
8,2023-10-12,2077548
9,2023-10-12,593585
10,2023-10-12,593585
11,2023-10-12,593585
7,2023-10-13,2242736
8,2023-10-13,2242736
9,2023-10-13,640781
10,2023-10-13,640781
11,2023-10-13,640781
7,2023-10-14,2123118
8,2023-10-14,2123118
9,2023-10-14,606605
10,2023-10-14,606605
11,2023-10-14,606605
7,2023-10-15,2166531
8,2023-10-15,2166531
9,2023-10-15,619008
10,2023-10-15,619008
11,2023-10-15,619008
7,2023-10-16,2049989
8,2023-10-16,2049989
9,2023-10-16,585711
10,2023-10-16,585711
11,2023-10-16,585711
7,2023-10-17,1986926
8,2023-10-17,1986926
9,2023-10-17,567693
10,2023-10-17,567693
11,2023-10-17,567693
7,2023-10-18,2111650
8,2023-10-18,2111650
9,2023-10-18,603328
10,2023-10-18,603328
11,2023-10-18,603328
7,2023-10-19,1704957
8,2023-10-19,1704957
9,2023-10-19,487130
10,2023-10-19,487130
11,2023-10-19,487130
7,2023-10-20,1991052
8,2023-10-20,1991052
9,2023-10-20,568872
10,2023-10-20,568872
11,2023-10-20,568872
7,2023-10-21,1808859
8,2023-10-21,1808859
9,2023-10-21,516816
10,2023-10-21,516816
11,2023-10-21,516816
7,2023-10-22,1907197
8,2023-10-22,1907197
9,2023-10-22,544913
10,2023-10-22,544913
11,2023-10-22,544913
7,2023-10-23,1973669
8,2023-10-23,1973669
9,2023-10-23,563905
10,2023-10-23,563905
11,2023-10-23,563905
7,2023-10-24,1768599
8,2023-10-24,1768599
9,2023-10-24,505314
10,2023-10-24,505314
11,2023-10-24,505314
7,2023-10-25,1595265
8,2023-10-25,1595265
9,2023-10-25,455790
10,2023-10-25,455790
11,2023-10-25,455790
7,2023-10-26,1615441
8,2023-10-26,1615441
9,2023-10-26,461554
10,2023-10-26,461554
11,2023-10-26,461554
7,2023-10-27,1773254
8,2023-10-27,1773254
9,2023-10-27,506644
10,2023-10-27,506644
11,2023-10-27,506644
7,2023-10-28,1688841
8,2023-10-28,1688841
9,2023-10-28,482526
10,2023-10-28,482526
11,2023-10-28,482526
7,2023-10-29,1759016
8,2023-10-29,1759016
9,2023-10-29,502576
10,2023-10-29,502576
11,2023-10-29,502576
7,2023-10-30,1671345
8,2023-10-30,1671345
9,2023-10-30,477527
10,2023-10-30,477527
11,2023-10-30,477527
7,2023-10-31,1519424
8,2023-10-31,1519424
9,2023-10-31,434121
10,2023-10-31,434121
11,2023-10-31,434121
7,2023-11-01,1663196
8,2023-11-01,1663196
9,2023-11-01,475198
10,2023-11-01,475198
11,2023-11-01,475198
7,2023-11-02,1539885
8,2023-11-02,1539885
9,2023-11-02,439967
10,2023-11-02,439967
11,2023-11-02,439967
7,2023-11-03,1373165
8,2023-11-03,1373165
9,2023-11-03,392332
10,2023-11-03,392332
11,2023-11-03,392332
7,2023-11-04,1576173
8,2023-11-04,1576173
9,2023-11-04,450335
10,2023-11-04,450335
11,2023-11-04,450335
7,2023-11-05,1499027
8,2023-11-05,1499027
9,2023-11-05,428293
10,2023-11-05,428293
11,2023-11-05,428293
7,2023-11-06,1548934
8,2023-11-06,1548934
9,2023-11-06,442552
10,2023-11-06,442552
11,2023-11-06,442552
7,2023-11-07,1343794
8,2023-11-07,1343794
9,2023-11-07,383941
10,2023-11-07,383941
11,2023-11-07,383941
7,2023-11-08,1330601
8,2023-11-08,1330601
9,2023-11-08,380171
10,2023-11-08,380171
11,2023-11-08,380171
7,2023-11-09,1363310
8,2023-11-09,1363310
9,2023-11-09,389517
10,2023-11-09,389517
11,2023-11-09,389517
7,2023-11-10,1420103
8,2023-11-10,1420103
9,2023-11-10,405743
10,2023-11-10,405743
11,2023-11-10,405743
7,2023-11-11,1307745
8,2023-11-11,1307745
9,2023-11-11,373641
10,2023-11-11,373641
11,2023-11-11,373641
7,2023-11-12,1358083
8,2023-11-12,1358083
9,2023-11-12,388023
10,2023-11-12,388023
11,2023-11-12,388023
7,2023-11-13,1292101
8,2023-11-13,1292101
9,2023-11-13,369171
10,2023-11-13,369171
11,2023-11-13,369171
7,2023-11-14,1205860
8,2023-11-14,1205860
9,2023-11-14,344531
10,2023-11-14,344531
11,2023-11-14,344531
7,2023-11-15,1297516
8,2023-11-15,1297516
9,2023-11-15,370718
10,2023-11-15,370718
11,2023-11-15,370718
7,2023-11-16,1208647
8,2023-11-16,1208647
9,2023-11-16,345327
10,2023-11-16,345327
11,2023-11-16,345327
7,2023-11-17,1136221
8,2023-11-17,1136221
9,2023-11-17,324634
10,2023-11-17,324634
11,2023-11-17,324634
7,2023-11-18,1296336
8,2023-11-18,1296336
9,2023-11-18,370381
10,2023-11-18,370381
11,2023-11-18,370381
7,2023-11-19,1361059
8,2023-11-19,1361059
9,2023-11-19,388874
10,2023-11-19,388874
11,2023-11-19,388874
7,2023-11-20,1240003
8,2023-11-20,1240003
9,2023-11-20,354286
10,2023-11-20,354286
11,2023-11-20,354286
7,2023-11-21,1026209
8,2023-11-21,1026209
9,2023-11-21,293202
10,2023-11-21,293202
11,2023-11-21,293202
7,2023-11-22,1036475
8,2023-11-22,1036475
9,2023-11-22,296135
10,2023-11-22,296135
11,2023-11-22,296135
7,2023-11-23,1122267
8,2023-11-23,1122267
9,2023-11-23,320647
10,2023-11-23,320647
11,2023-11-23,320647
7,2023-11-24,1042142
8,2023-11-24,1042142
9,2023-11-24,297754
10,2023-11-24,297754
11,2023-11-24,297754
7,2023-11-25,1128732
8,2023-11-25,1128732
9,2023-11-25,322494
10,2023-11-25,322494
11,2023-11-25,322494
7,2023-11-26,1138705
8,2023-11-26,1138705
9,2023-11-26,325344
10,2023-11-26,325344
11,2023-11-26,325344
7,2023-11-27,1001801
8,2023-11-27,1001801
9,2023-11-27,286229
10,2023-11-27,286229
11,2023-11-27,286229
7,2023-11-28,986468
8,2023-11-28,986468
9,2023-11-28,281848
10,2023-11-28,281848
11,2023-11-28,281848
7,2023-11-29,792944
8,2023-11-29,792944
9,2023-11-29,226555
10,2023-11-29,226555
11,2023-11-29,226555
7,2023-11-30,892104
8,2023-11-30,892104
9,2023-11-30,254887
10,2023-11-30,254887
11,2023-11-30,254887
7,2023-12-01,950345
8,2023-12-01,950345
9,2023-12-01,271527
10,2023-12-01,271527
11,2023-12-01,271527
7,2023-12-02,922379
8,2023-12-02,922379
9,2023-12-02,263537
10,2023-12-02,263537
11,2023-12-02,263537
7,2023-12-03,1056358
8,2023-12-03,1056358
9,2023-12-03,301816
10,2023-12-03,301816
11,2023-12-03,301816
7,2023-12-04,868956
8,2023-12-04,868956
9,2023-12-04,248273
10,2023-12-04,248273
11,2023-12-04,248273
7,2023-12-05,862072
8,2023-12-05,862072
9,2023-12-05,246306
10,2023-12-05,246306
11,2023-12-05,246306
7,2023-12-06,848574
8,2023-12-06,848574
9,2023-12-06,242449
10,2023-12-06,242449
11,2023-12-06,242449
7,2023-12-07,898046
8,2023-12-07,898046
9,2023-12-07,256584
10,2023-12-07,256584
11,2023-12-07,256584
7,2023-12-08,795928
8,2023-12-08,795928
9,2023-12-08,227408
10,2023-12-08,227408
11,2023-12-08,227408
7,2023-12-09,927397
8,2023-12-09,927397
9,2023-12-09,264970
10,2023-12-09,264970
11,2023-12-09,264970
7,2023-12-10,870536
8,2023-12-10,870536
9,2023-12-10,248724
10,2023-12-10,248724
11,2023-12-10,248724
7,2023-12-11,792855
8,2023-12-11,792855
9,2023-12-11,226530
10,2023-12-11,226530
11,2023-12-11,226530
7,2023-12-12,803441
8,2023-12-12,803441
9,2023-12-12,229554
10,2023-12-12,229554
11,2023-12-12,229554
7,2023-12-13,758559
8,2023-12-13,758559
9,2023-12-13,216731
10,2023-12-13,216731
11,2023-12-13,216731
7,2023-12-14,723891
8,2023-12-14,723891
9,2023-12-14,206826
10,2023-12-14,206826
11,2023-12-14,206826
7,2023-12-15,766602
8,2023-12-15,766602
9,2023-12-15,219029
10,2023-12-15,219029
11,2023-12-15,219029
7,2023-12-16,765764
8,2023-12-16,765764
9,2023-12-16,218789
10,2023-12-16,218789
11,2023-12-16,218789
7,2023-12-17,779562
8,2023-12-17,779562
9,2023-12-17,222732
10,2023-12-17,222732
11,2023-12-17,222732
7,2023-12-18,767399
8,2023-12-18,767399
9,2023-12-18,219256
10,2023-12-18,219256
11,2023-12-18,219256
7,2023-12-19,755100
8,2023-12-19,755100
9,2023-12-19,215743
10,2023-12-19,215743
11,2023-12-19,215743
7,2023-12-20,627726
8,2023-12-20,627726
9,2023-12-20,179350
10,2023-12-20,179350
11,2023-12-20,179350
7,2023-12-21,735776
8,2023-12-21,735776
9,2023-12-21,210221
10,2023-12-21,210221
11,2023-12-21,210221
7,2023-12-22,614161
8,2023-12-22,614161
9,2023-12-22,175474
10,2023-12-22,175474
11,2023-12-22,175474
7,2023-12-23,690340
8,2023-12-23,690340
9,2023-12-23,197240
10,2023-12-23,197240
11,2023-12-23,197240
7,2023-12-24,710906
8,2023-12-24,710906
9,2023-12-24,203116
10,2023-12-24,203116
11,2023-12-24,203116
7,2023-12-25,671063
8,2023-12-25,671063
9,2023-12-25,191732
10,2023-12-25,191732
11,2023-12-25,191732
7,2023-12-26,603884
8,2023-12-26,603884
9,2023-12-26,172538
10,2023-12-26,172538
11,2023-12-26,172538
7,2023-12-27,589932
8,2023-12-27,589932
9,2023-12-27,168552
10,2023-12-27,168552
11,2023-12-27,168552
7,2023-12-28,577728
8,2023-12-28,577728
9,2023-12-28,165065
10,2023-12-28,165065
11,2023-12-28,165065
7,2023-12-29,588469
8,2023-12-29,588469
9,2023-12-29,168134
10,2023-12-29,168134
11,2023-12-29,168134
7,2023-12-30,646053
8,2023-12-30,646053
9,2023-12-30,184586
10,2023-12-30,184586
11,2023-12-30,184586
7,2023-12-31,626230
8,2023-12-31,626230
9,2023-12-31,178922
10,2023-12-31,178922
11,2023-12-31,178922
7,2024-01-01,569140
8,2024-01-01,569140
9,2024-01-01,162611
10,2024-01-01,162611
11,2024-01-01,162611
7,2024-01-02,580266
8,2024-01-02,580266
9,2024-01-02,165790
10,2024-01-02,165790
11,2024-01-02,165790
7,2024-01-03,539256
8,2024-01-03,539256
9,2024-01-03,154073
10,2024-01-03,154073
11,2024-01-03,154073
7,2024-01-04,549153
8,2024-01-04,549153
9,2024-01-04,156900
10,2024-01-04,156900
11,2024-01-04,156900
7,2024-01-05,557190
8,2024-01-05,557190
9,2024-01-05,159197
10,2024-01-05,159197
11,2024-01-05,159197
7,2024-01-06,529229
8,2024-01-06,529229
9,2024-01-06,151208
10,2024-01-06,151208
11,2024-01-06,151208
7,2024-01-07,532770
8,2024-01-07,532770
9,2024-01-07,152220
10,2024-01-07,152220
11,2024-01-07,152220
7,2024-01-08,544869
8,2024-01-08,544869
9,2024-01-08,155677
10,2024-01-08,155677
11,2024-01-08,155677
7,2024-01-09,509804
8,2024-01-09,509804
9,2024-01-09,145658
10,2024-01-09,145658
11,2024-01-09,145658
7,2024-01-10,472658
8,2024-01-10,472658
9,2024-01-10,135045
10,2024-01-10,135045
11,2024-01-10,135045
7,2024-01-11,472890
8,2024-01-11,472890
9,2024-01-11,135111
10,2024-01-11,135111
11,2024-01-11,135111
7,2024-01-12,511993
8,2024-01-12,511993
9,2024-01-12,146283
10,2024-01-12,146283
11,2024-01-12,146283
7,2024-01-13,477328
8,2024-01-13,477328
9,2024-01-13,136379
10,2024-01-13,136379
11,2024-01-13,136379
7,2024-01-14,501680
8,2024-01-14,501680
9,2024-01-14,143337
10,2024-01-14,143337
11,2024-01-14,143337
7,2024-01-15,463208
8,2024-01-15,463208
9,2024-01-15,132345
10,2024-01-15,132345
11,2024-01-15,132345
7,2024-01-16,435936
8,2024-01-16,435936
9,2024-01-16,124553
10,2024-01-16,124553
11,2024-01-16,124553
7,2024-01-17,444690
8,2024-01-17,444690
9,2024-01-17,127054
10,2024-01-17,127054
11,2024-01-17,127054
7,2024-01-18,436126
8,2024-01-18,436126
9,2024-01-18,124607
10,2024-01-18,124607
11,2024-01-18,124607
7,2024-01-19,446184
8,2024-01-19,446184
9,2024-01-19,127481
10,2024-01-19,127481
11,2024-01-19,127481
7,2024-01-20,466817
8,2024-01-20,466817
9,2024-01-20,133376
10,2024-01-20,133376
11,2024-01-20,133376
7,2024-01-21,435502
8,2024-01-21,435502
9,2024-01-21,124429
10,2024-01-21,124429
11,2024-01-21,124429
7,2024-01-22,431101
8,2024-01-22,431101
9,2024-01-22,123171
10,2024-01-22,123171
11,2024-01-22,123171
7,2024-01-23,386557
8,2024-01-23,386557
9,2024-01-23,110444
10,2024-01-23,110444
11,2024-01-23,110444
7,2024-01-24,381628
8,2024-01-24,381628
9,2024-01-24,109036
10,2024-01-24,109036
11,2024-01-24,109036
7,2024-01-25,370716
8,2024-01-25,370716
9,2024-01-25,105918
10,2024-01-25,105918
11,2024-01-25,105918
7,2024-01-26,383820
8,2024-01-26,383820
9,2024-01-26,109663
10,2024-01-26,109663
11,2024-01-26,109663
7,2024-01-27,402021
8,2024-01-27,402021
9,2024-01-27,114863
10,2024-01-27,114863
11,2024-01-27,114863
7,2024-01-28,371725
8,2024-01-28,371725
9,2024-01-28,106207
10,2024-01-28,106207
11,2024-01-28,106207
7,2024-01-29,410259
8,2024-01-29,410259
9,2024-01-29,117217
10,2024-01-29,117217
11,2024-01-29,117217
7,2024-01-30,332214
8,2024-01-30,332214
9,2024-01-30,94918
10,2024-01-30,94918
11,2024-01-30,94918
7,2024-01-31,314258
8,2024-01-31,314258
9,2024-01-31,89788
10,2024-01-31,89788
11,2024-01-31,89788
7,2024-02-01,351683
8,2024-02-01,351683
9,2024-02-01,100481
10,2024-02-01,100481
11,2024-02-01,100481
7,2024-02-02,353765
8,2024-02-02,353765
9,2024-02-02,101075
10,2024-02-02,101075
11,2024-02-02,101075
7,2024-02-03,358663
8,2024-02-03,358663
9,2024-02-03,102475
10,2024-02-03,102475
11,2024-02-03,102475
7,2024-02-04,356144
8,2024-02-04,356144
9,2024-02-04,101755
10,2024-02-04,101755
11,2024-02-04,101755
7,2024-02-05,330680
8,2024-02-05,330680
9,2024-02-05,94480
10,2024-02-05,94480
11,2024-02-05,94480
7,2024-02-06,297664
8,2024-02-06,297664
9,2024-02-06,85046
10,2024-02-06,85046
11,2024-02-06,85046
7,2024-02-07,299197
8,2024-02-07,299197
9,2024-02-07,85485
10,2024-02-07,85485
11,2024-02-07,85485
7,2024-02-08,286137
8,2024-02-08,286137
9,2024-02-08,81753
10,2024-02-08,81753
11,2024-02-08,81753
7,2024-02-09,317949
8,2024-02-09,317949
9,2024-02-09,90842
10,2024-02-09,90842
11,2024-02-09,90842
7,2024-02-10,307585
8,2024-02-10,307585
9,2024-02-10,87881
10,2024-02-10,87881
11,2024-02-10,87881
7,2024-02-11,294926
8,2024-02-11,294926
9,2024-02-11,84264
10,2024-02-11,84264
11,2024-02-11,84264
7,2024-02-12,290046
8,2024-02-12,290046
9,2024-02-12,82870
10,2024-02-12,82870
11,2024-02-12,82870
7,2024-02-13,283376
8,2024-02-13,283376
9,2024-02-13,80964
10,2024-02-13,80964
11,2024-02-13,80964
7,2024-02-14,258063
8,2024-02-14,258063
9,2024-02-14,73732
10,2024-02-14,73732
11,2024-02-14,73732
7,2024-02-15,253005
8,2024-02-15,253005
9,2024-02-15,72287
10,2024-02-15,72287
11,2024-02-15,72287
7,2024-02-16,273383
8,2024-02-16,273383
9,2024-02-16,78109
10,2024-02-16,78109
11,2024-02-16,78109
7,2024-02-17,279438
8,2024-02-17,279438
9,2024-02-17,79839
10,2024-02-17,79839
11,2024-02-17,79839
7,2024-02-18,267114
8,2024-02-18,267114
9,2024-02-18,76318
10,2024-02-18,76318
11,2024-02-18,76318
7,2024-02-19,256436
8,2024-02-19,256436
9,2024-02-19,73267
10,2024-02-19,73267
11,2024-02-19,73267
7,2024-02-20,250223
8,2024-02-20,250223
9,2024-02-20,71492
10,2024-02-20,71492
11,2024-02-20,71492
7,2024-02-21,219447
8,2024-02-21,219447
9,2024-02-21,62699
10,2024-02-21,62699
11,2024-02-21,62699
7,2024-02-22,218523
8,2024-02-22,218523
9,2024-02-22,62435
10,2024-02-22,62435
11,2024-02-22,62435
7,2024-02-23,231981
8,2024-02-23,231981
9,2024-02-23,66280
10,2024-02-23,66280
11,2024-02-23,66280
7,2024-02-24,243314
8,2024-02-24,243314
9,2024-02-24,69518
10,2024-02-24,69518
11,2024-02-24,69518
7,2024-02-25,247956
8,2024-02-25,247956
9,2024-02-25,70844
10,2024-02-25,70844
11,2024-02-25,70844
7,2024-02-26,251229
8,2024-02-26,251229
9,2024-02-26,71779
10,2024-02-26,71779
11,2024-02-26,71779
7,2024-02-27,229816
8,2024-02-27,229816
9,2024-02-27,65661
10,2024-02-27,65661
11,2024-02-27,65661
7,2024-02-28,209080
8,2024-02-28,209080
9,2024-02-28,59737
10,2024-02-28,59737
11,2024-02-28,59737
7,2024-02-29,209221
8,2024-02-29,209221
9,2024-02-29,59777
10,2024-02-29,59777
11,2024-02-29,59777
7,2024-03-01,203626
8,2024-03-01,203626
9,2024-03-01,58179
10,2024-03-01,58179
11,2024-03-01,58179
7,2024-03-02,218903
8,2024-03-02,218903
9,2024-03-02,62543
10,2024-03-02,62543
11,2024-03-02,62543
7,2024-03-03,214383
8,2024-03-03,214383
9,2024-03-03,61252
10,2024-03-03,61252
11,2024-03-03,61252
7,2024-03-04,211806
8,2024-03-04,211806
9,2024-03-04,60516
10,2024-03-04,60516
11,2024-03-04,60516
7,2024-03-05,188204
8,2024-03-05,188204
9,2024-03-05,53772
10,2024-03-05,53772
11,2024-03-05,53772
12,2022-07-15,1077265
13,2022-07-15,1077265
14,2022-07-15,307790
15,2022-07-15,307790
16,2022-07-15,307790
12,2022-07-16,1161807
13,2022-07-16,1161807
14,2022-07-16,331944
15,2022-07-16,331944
16,2022-07-16,331944
12,2022-07-17,1071359
13,2022-07-17,1071359
14,2022-07-17,306102
15,2022-07-17,306102
16,2022-07-17,306102
12,2022-07-18,1058795
13,2022-07-18,1058795
14,2022-07-18,302512
15,2022-07-18,302512
16,2022-07-18,302512
12,2022-07-19,1016914
13,2022-07-19,1016914
14,2022-07-19,290546
15,2022-07-19,290546
16,2022-07-19,290546
12,2022-07-20,926388
13,2022-07-20,926388
14,2022-07-20,264682
15,2022-07-20,264682
16,2022-07-20,264682
12,2022-07-21,955082
13,2022-07-21,955082
14,2022-07-21,272880
15,2022-07-21,272880
16,2022-07-21,272880
12,2022-07-22,972780
13,2022-07-22,972780
14,2022-07-22,277937
15,2022-07-22,277937
16,2022-07-22,277937
12,2022-07-23,1003998
13,2022-07-23,1003998
14,2022-07-23,286856
15,2022-07-23,286856
16,2022-07-23,286856
12,2022-07-24,958819
13,2022-07-24,958819
14,2022-07-24,273948
15,2022-07-24,273948
16,2022-07-24,273948
12,2022-07-25,962187
13,2022-07-25,962187
14,2022-07-25,274910
15,2022-07-25,274910
16,2022-07-25,274910
12,2022-07-26,932791
13,2022-07-26,932791
14,2022-07-26,266511
15,2022-07-26,266511
16,2022-07-26,266511
12,2022-07-27,938786
13,2022-07-27,938786
14,2022-07-27,268224
15,2022-07-27,268224
16,2022-07-27,268224
12,2022-07-28,916431
13,2022-07-28,916431
14,2022-07-28,261837
15,2022-07-28,261837
16,2022-07-28,261837
12,2022-07-29,997010
13,2022-07-29,997010
14,2022-07-29,284860
15,2022-07-29,284860
16,2022-07-29,284860
12,2022-07-30,889566
13,2022-07-30,889566
14,2022-07-30,254161
15,2022-07-30,254161
16,2022-07-30,254161
12,2022-07-31,963714
13,2022-07-31,963714
14,2022-07-31,275347
15,2022-07-31,275347
16,2022-07-31,275347
12,2022-08-01,897931
13,2022-08-01,897931
14,2022-08-01,256551
15,2022-08-01,256551
16,2022-08-01,256551
12,2022-08-02,934929
13,2022-08-02,934929
14,2022-08-02,267122
15,2022-08-02,267122
16,2022-08-02,267122
12,2022-08-03,777646
13,2022-08-03,777646
14,2022-08-03,222184
15,2022-08-03,222184
16,2022-08-03,222184
12,2022-08-04,775671
13,2022-08-04,775671
14,2022-08-04,221620
15,2022-08-04,221620
16,2022-08-04,221620
12,2022-08-05,808409
13,2022-08-05,808409
14,2022-08-05,230974
15,2022-08-05,230974
16,2022-08-05,230974
12,2022-08-06,765533
13,2022-08-06,765533
14,2022-08-06,218723
15,2022-08-06,218723
16,2022-08-06,218723
12,2022-08-07,832512
13,2022-08-07,832512
14,2022-08-07,237860
15,2022-08-07,237860
16,2022-08-07,237860
12,2022-08-08,792550
13,2022-08-08,792550
14,2022-08-08,226442
15,2022-08-08,226442
16,2022-08-08,226442
12,2022-08-09,786069
13,2022-08-09,786069
14,2022-08-09,224591
15,2022-08-09,224591
16,2022-08-09,224591
12,2022-08-10,763149
13,2022-08-10,763149
14,2022-08-10,218042
15,2022-08-10,218042
16,2022-08-10,218042
12,2022-08-11,819973
13,2022-08-11,819973
14,2022-08-11,234278
15,2022-08-11,234278
16,2022-08-11,234278
12,2022-08-12,808278
13,2022-08-12,808278
14,2022-08-12,230936
15,2022-08-12,230936
16,2022-08-12,230936
12,2022-08-13,770126
13,2022-08-13,770126
14,2022-08-13,220036
15,2022-08-13,220036
16,2022-08-13,220036
12,2022-08-14,756051
13,2022-08-14,756051
14,2022-08-14,216014
15,2022-08-14,216014
16,2022-08-14,216014
12,2022-08-15,781514
13,2022-08-15,781514
14,2022-08-15,223289
15,2022-08-15,223289
16,2022-08-15,223289
12,2022-08-16,674685
13,2022-08-16,674685
14,2022-08-16,192767
15,2022-08-16,192767
16,2022-08-16,192767
12,2022-08-17,758326
13,2022-08-17,758326
14,2022-08-17,216664
15,2022-08-17,216664
16,2022-08-17,216664
12,2022-08-18,735013
13,2022-08-18,735013
14,2022-08-18,210003
15,2022-08-18,210003
16,2022-08-18,210003
12,2022-08-19,697655
13,2022-08-19,697655
14,2022-08-19,199330
15,2022-08-19,199330
16,2022-08-19,199330
12,2022-08-20,671328
13,2022-08-20,671328
14,2022-08-20,191808
15,2022-08-20,191808
16,2022-08-20,191808
12,2022-08-21,782548
13,2022-08-21,782548
14,2022-08-21,223585
15,2022-08-21,223585
16,2022-08-21,223585
12,2022-08-22,702169
13,2022-08-22,702169
14,2022-08-22,200619
15,2022-08-22,200619
16,2022-08-22,200619
12,2022-08-23,710218
13,2022-08-23,710218
14,2022-08-23,202919
15,2022-08-23,202919
16,2022-08-23,202919
12,2022-08-24,591936
13,2022-08-24,591936
14,2022-08-24,169124
15,2022-08-24,169124
16,2022-08-24,169124
12,2022-08-25,623373
13,2022-08-25,623373
14,2022-08-25,178106
15,2022-08-25,178106
16,2022-08-25,178106
12,2022-08-26,661631
13,2022-08-26,661631
14,2022-08-26,189037
15,2022-08-26,189037
16,2022-08-26,189037
12,2022-08-27,681392
13,2022-08-27,681392
14,2022-08-27,194683
15,2022-08-27,194683
16,2022-08-27,194683
12,2022-08-28,663333
13,2022-08-28,663333
14,2022-08-28,189523
15,2022-08-28,189523
16,2022-08-28,189523
12,2022-08-29,674229
13,2022-08-29,674229
14,2022-08-29,192636
15,2022-08-29,192636
16,2022-08-29,192636
12,2022-08-30,586191
13,2022-08-30,586191
14,2022-08-30,167483
15,2022-08-30,167483
16,2022-08-30,167483
12,2022-08-31,591295
13,2022-08-31,591295
14,2022-08-31,168941
15,2022-08-31,168941
16,2022-08-31,168941
12,2022-09-01,598576
13,2022-09-01,598576
14,2022-09-01,171021
15,2022-09-01,171021
16,2022-09-01,171021
12,2022-09-02,628180
13,2022-09-02,628180
14,2022-09-02,179480
15,2022-09-02,179480
16,2022-09-02,179480
12,2022-09-03,651800
13,2022-09-03,651800
14,2022-09-03,186228
15,2022-09-03,186228
16,2022-09-03,186228
12,2022-09-04,592971
13,2022-09-04,592971
14,2022-09-04,169420
15,2022-09-04,169420
16,2022-09-04,169420
12,2022-09-05,558960
13,2022-09-05,558960
14,2022-09-05,159703
15,2022-09-05,159703
16,2022-09-05,159703
12,2022-09-06,609973
13,2022-09-06,609973
14,2022-09-06,174278
15,2022-09-06,174278
16,2022-09-06,174278
12,2022-09-07,560553
13,2022-09-07,560553
14,2022-09-07,160158
15,2022-09-07,160158
16,2022-09-07,160158
12,2022-09-08,530276
13,2022-09-08,530276
14,2022-09-08,151507
15,2022-09-08,151507
16,2022-09-08,151507
12,2022-09-09,611008
13,2022-09-09,611008
14,2022-09-09,174573
15,2022-09-09,174573
16,2022-09-09,174573
12,2022-09-10,586120
13,2022-09-10,586120
14,2022-09-10,167463
15,2022-09-10,167463
16,2022-09-10,167463
12,2022-09-11,616031
13,2022-09-11,616031
14,2022-09-11,176008
15,2022-09-11,176008
16,2022-09-11,176008
12,2022-09-12,562415
13,2022-09-12,562415
14,2022-09-12,160690
15,2022-09-12,160690
16,2022-09-12,160690
12,2022-09-13,585543
13,2022-09-13,585543
14,2022-09-13,167298
15,2022-09-13,167298
16,2022-09-13,167298
12,2022-09-14,555326
13,2022-09-14,555326
14,2022-09-14,158664
15,2022-09-14,158664
16,2022-09-14,158664
12,2022-09-15,503708
13,2022-09-15,503708
14,2022-09-15,143916
15,2022-09-15,143916
16,2022-09-15,143916
12,2022-09-16,550503
13,2022-09-16,550503
14,2022-09-16,157286
15,2022-09-16,157286
16,2022-09-16,157286
12,2022-09-17,556964
13,2022-09-17,556964
14,2022-09-17,159132
15,2022-09-17,159132
16,2022-09-17,159132
12,2022-09-18,575466
13,2022-09-18,575466
14,2022-09-18,164418
15,2022-09-18,164418
16,2022-09-18,164418
12,2022-09-19,493935
13,2022-09-19,493935
14,2022-09-19,141124
15,2022-09-19,141124
16,2022-09-19,141124
12,2022-09-20,508356
13,2022-09-20,508356
14,2022-09-20,145244
15,2022-09-20,145244
16,2022-09-20,145244
12,2022-09-21,497691
13,2022-09-21,497691
14,2022-09-21,142197
15,2022-09-21,142197
16,2022-09-21,142197
12,2022-09-22,430721
13,2022-09-22,430721
14,2022-09-22,123063
15,2022-09-22,123063
16,2022-09-22,123063
12,2022-09-23,457326
13,2022-09-23,457326
14,2022-09-23,130664
15,2022-09-23,130664
16,2022-09-23,130664
12,2022-09-24,448623
13,2022-09-24,448623
14,2022-09-24,128178
15,2022-09-24,128178
16,2022-09-24,128178
12,2022-09-25,491966
13,2022-09-25,491966
14,2022-09-25,140561
15,2022-09-25,140561
16,2022-09-25,140561
12,2022-09-26,497743
13,2022-09-26,497743
14,2022-09-26,142212
15,2022-09-26,142212
16,2022-09-26,142212
12,2022-09-27,489248
13,2022-09-27,489248
14,2022-09-27,139785
15,2022-09-27,139785
16,2022-09-27,139785
12,2022-09-28,439260
13,2022-09-28,439260
14,2022-09-28,125503
15,2022-09-28,125503
16,2022-09-28,125503
12,2022-09-29,472849
13,2022-09-29,472849
14,2022-09-29,135099
15,2022-09-29,135099
16,2022-09-29,135099
12,2022-09-30,418997
13,2022-09-30,418997
14,2022-09-30,119713
15,2022-09-30,119713
16,2022-09-30,119713
12,2022-10-01,423136
13,2022-10-01,423136
14,2022-10-01,120896
15,2022-10-01,120896
16,2022-10-01,120896
12,2022-10-02,460436
13,2022-10-02,460436
14,2022-10-02,131553
15,2022-10-02,131553
16,2022-10-02,131553
12,2022-10-03,453430
13,2022-10-03,453430
14,2022-10-03,129551
15,2022-10-03,129551
16,2022-10-03,129551
12,2022-10-04,420644
13,2022-10-04,420644
14,2022-10-04,120184
15,2022-10-04,120184
16,2022-10-04,120184
12,2022-10-05,363313
13,2022-10-05,363313
14,2022-10-05,103803
15,2022-10-05,103803
16,2022-10-05,103803
12,2022-10-06,403029
13,2022-10-06,403029
14,2022-10-06,115151
15,2022-10-06,115151
16,2022-10-06,115151
12,2022-10-07,389514
13,2022-10-07,389514
14,2022-10-07,111289
15,2022-10-07,111289
16,2022-10-07,111289
12,2022-10-08,442583
13,2022-10-08,442583
14,2022-10-08,126452
15,2022-10-08,126452
16,2022-10-08,126452
12,2022-10-09,435329
13,2022-10-09,435329
14,2022-10-09,124379
15,2022-10-09,124379
16,2022-10-09,124379
12,2022-10-10,392552
13,2022-10-10,392552
14,2022-10-10,112157
15,2022-10-10,112157
16,2022-10-10,112157
12,2022-10-11,380078
13,2022-10-11,380078
14,2022-10-11,108593
15,2022-10-11,108593
16,2022-10-11,108593
12,2022-10-12,355294
13,2022-10-12,355294
14,2022-10-12,101512
15,2022-10-12,101512
16,2022-10-12,101512
12,2022-10-13,373650
13,2022-10-13,373650
14,2022-10-13,106757
15,2022-10-13,106757
16,2022-10-13,106757
12,2022-10-14,404230
13,2022-10-14,404230
14,2022-10-14,115494
15,2022-10-14,115494
16,2022-10-14,115494
12,2022-10-15,376958
13,2022-10-15,376958
14,2022-10-15,107702
15,2022-10-15,107702
16,2022-10-15,107702
12,2022-10-16,405781
13,2022-10-16,405781
14,2022-10-16,115937
15,2022-10-16,115937
16,2022-10-16,115937
12,2022-10-17,371265
13,2022-10-17,371265
14,2022-10-17,106075
15,2022-10-17,106075
16,2022-10-17,106075
12,2022-10-18,346866
13,2022-10-18,346866
14,2022-10-18,99104
15,2022-10-18,99104
16,2022-10-18,99104
12,2022-10-19,345495
13,2022-10-19,345495
14,2022-10-19,98713
15,2022-10-19,98713
16,2022-10-19,98713
12,2022-10-20,329077
13,2022-10-20,329077
14,2022-10-20,94022
15,2022-10-20,94022
16,2022-10-20,94022
12,2022-10-21,347318
13,2022-10-21,347318
14,2022-10-21,99233
15,2022-10-21,99233
16,2022-10-21,99233
12,2022-10-22,345122
13,2022-10-22,345122
14,2022-10-22,98606
15,2022-10-22,98606
16,2022-10-22,98606
12,2022-10-23,402466
13,2022-10-23,402466
14,2022-10-23,114990
15,2022-10-23,114990
16,2022-10-23,114990
12,2022-10-24,353729
13,2022-10-24,353729
14,2022-10-24,101065
15,2022-10-24,101065
16,2022-10-24,101065
12,2022-10-25,322712
13,2022-10-25,322712
14,2022-10-25,92203
15,2022-10-25,92203
16,2022-10-25,92203
12,2022-10-26,325047
13,2022-10-26,325047
14,2022-10-26,92870
15,2022-10-26,92870
16,2022-10-26,92870
12,2022-10-27,319511
13,2022-10-27,319511
14,2022-10-27,91289
15,2022-10-27,91289
16,2022-10-27,91289
12,2022-10-28,327075
13,2022-10-28,327075
14,2022-10-28,93450
15,2022-10-28,93450
16,2022-10-28,93450
12,2022-10-29,350335
13,2022-10-29,350335
14,2022-10-29,100095
15,2022-10-29,100095
16,2022-10-29,100095
12,2022-10-30,352153
13,2022-10-30,352153
14,2022-10-30,100615
15,2022-10-30,100615
16,2022-10-30,100615
12,2022-10-31,318261
13,2022-10-31,318261
14,2022-10-31,90931
15,2022-10-31,90931
16,2022-10-31,90931
12,2022-11-01,300709
13,2022-11-01,300709
14,2022-11-01,85916
15,2022-11-01,85916
16,2022-11-01,85916
12,2022-11-02,293672
13,2022-11-02,293672
14,2022-11-02,83906
15,2022-11-02,83906
16,2022-11-02,83906
12,2022-11-03,263257
13,2022-11-03,263257
14,2022-11-03,75216
15,2022-11-03,75216
16,2022-11-03,75216
12,2022-11-04,283015
13,2022-11-04,283015
14,2022-11-04,80861
15,2022-11-04,80861
16,2022-11-04,80861
12,2022-11-05,336210
13,2022-11-05,336210
14,2022-11-05,96060
15,2022-11-05,96060
16,2022-11-05,96060
12,2022-11-06,339989
13,2022-11-06,339989
14,2022-11-06,97139
15,2022-11-06,97139
16,2022-11-06,97139
12,2022-11-07,298929
13,2022-11-07,298929
14,2022-11-07,85408
15,2022-11-07,85408
16,2022-11-07,85408
12,2022-11-08,294936
13,2022-11-08,294936
14,2022-11-08,84267
15,2022-11-08,84267
16,2022-11-08,84267
12,2022-11-09,279986
13,2022-11-09,279986
14,2022-11-09,79996
15,2022-11-09,79996
16,2022-11-09,79996
12,2022-11-10,317849
13,2022-11-10,317849
14,2022-11-10,90814
15,2022-11-10,90814
16,2022-11-10,90814
12,2022-11-11,299386
13,2022-11-11,299386
14,2022-11-11,85539
15,2022-11-11,85539
16,2022-11-11,85539
12,2022-11-12,289511
13,2022-11-12,289511
14,2022-11-12,82717
15,2022-11-12,82717
16,2022-11-12,82717
12,2022-11-13,276968
13,2022-11-13,276968
14,2022-11-13,79133
15,2022-11-13,79133
16,2022-11-13,79133
12,2022-11-14,257750
13,2022-11-14,257750
14,2022-11-14,73642
15,2022-11-14,73642
16,2022-11-14,73642
12,2022-11-15,268123
13,2022-11-15,268123
14,2022-11-15,76606
15,2022-11-15,76606
16,2022-11-15,76606
12,2022-11-16,245606
13,2022-11-16,245606
14,2022-11-16,70173
15,2022-11-16,70173
16,2022-11-16,70173
12,2022-11-17,236893
13,2022-11-17,236893
14,2022-11-17,67683
15,2022-11-17,67683
16,2022-11-17,67683
12,2022-11-18,254013
13,2022-11-18,254013
14,2022-11-18,72575
15,2022-11-18,72575
16,2022-11-18,72575
12,2022-11-19,255188
13,2022-11-19,255188
14,2022-11-19,72910
15,2022-11-19,72910
16,2022-11-19,72910
12,2022-11-20,292022
13,2022-11-20,292022
14,2022-11-20,83434
15,2022-11-20,83434
16,2022-11-20,83434
12,2022-11-21,270925
13,2022-11-21,270925
14,2022-11-21,77407
15,2022-11-21,77407
16,2022-11-21,77407
12,2022-11-22,245650
13,2022-11-22,245650
14,2022-11-22,70185
15,2022-11-22,70185
16,2022-11-22,70185
12,2022-11-23,253826
13,2022-11-23,253826
14,2022-11-23,72521
15,2022-11-23,72521
16,2022-11-23,72521
12,2022-11-24,237038
13,2022-11-24,237038
14,2022-11-24,67725
15,2022-11-24,67725
16,2022-11-24,67725
12,2022-11-25,232575
13,2022-11-25,232575
14,2022-11-25,66450
15,2022-11-25,66450
16,2022-11-25,66450
12,2022-11-26,268801
13,2022-11-26,268801
14,2022-11-26,76800
15,2022-11-26,76800
16,2022-11-26,76800
12,2022-11-27,256060
13,2022-11-27,256060
14,2022-11-27,73160
15,2022-11-27,73160
16,2022-11-27,73160
12,2022-11-28,227792
13,2022-11-28,227792
14,2022-11-28,65083
15,2022-11-28,65083
16,2022-11-28,65083
12,2022-11-29,225366
13,2022-11-29,225366
14,2022-11-29,64390
15,2022-11-29,64390
16,2022-11-29,64390
12,2022-11-30,209239
13,2022-11-30,209239
14,2022-11-30,59782
15,2022-11-30,59782
16,2022-11-30,59782
12,2022-12-01,203506
13,2022-12-01,203506
14,2022-12-01,58144
15,2022-12-01,58144
16,2022-12-01,58144
12,2022-12-02,235447
13,2022-12-02,235447
14,2022-12-02,67270
15,2022-12-02,67270
16,2022-12-02,67270
12,2022-12-03,253343
13,2022-12-03,253343
14,2022-12-03,72383
15,2022-12-03,72383
16,2022-12-03,72383
12,2022-12-04,214715
13,2022-12-04,214715
14,2022-12-04,61347
15,2022-12-04,61347
16,2022-12-04,61347
12,2022-12-05,228705
13,2022-12-05,228705
14,2022-12-05,65344
15,2022-12-05,65344
16,2022-12-05,65344
12,2022-12-06,203813
13,2022-12-06,203813
14,2022-12-06,58232
15,2022-12-06,58232
16,2022-12-06,58232
12,2022-12-07,197665
13,2022-12-07,197665
14,2022-12-07,56475
15,2022-12-07,56475
16,2022-12-07,56475
12,2022-12-08,196421
13,2022-12-08,196421
14,2022-12-08,56120
15,2022-12-08,56120
16,2022-12-08,56120
12,2022-12-09,199345
13,2022-12-09,199345
14,2022-12-09,56955
15,2022-12-09,56955
16,2022-12-09,56955
12,2022-12-10,214641
13,2022-12-10,214641
14,2022-12-10,61326
15,2022-12-10,61326
16,2022-12-10,61326
12,2022-12-11,204866
13,2022-12-11,204866
14,2022-12-11,58533
15,2022-12-11,58533
16,2022-12-11,58533
12,2022-12-12,208739
13,2022-12-12,208739
14,2022-12-12,59639
15,2022-12-12,59639
16,2022-12-12,59639
12,2022-12-13,194560
13,2022-12-13,194560
14,2022-12-13,55588
15,2022-12-13,55588
16,2022-12-13,55588
12,2022-12-14,185340
13,2022-12-14,185340
14,2022-12-14,52954
15,2022-12-14,52954
16,2022-12-14,52954
12,2022-12-15,178908
13,2022-12-15,178908
14,2022-12-15,51116
15,2022-12-15,51116
16,2022-12-15,51116
12,2022-12-16,187339
13,2022-12-16,187339
14,2022-12-16,53525
15,2022-12-16,53525
16,2022-12-16,53525
12,2022-12-17,205738
13,2022-12-17,205738
14,2022-12-17,58782
15,2022-12-17,58782
16,2022-12-17,58782
12,2022-12-18,202859
13,2022-12-18,202859
14,2022-12-18,57959
15,2022-12-18,57959
16,2022-12-18,57959
12,2022-12-19,181368
13,2022-12-19,181368
14,2022-12-19,51819
15,2022-12-19,51819
16,2022-12-19,51819
12,2022-12-20,181489
13,2022-12-20,181489
14,2022-12-20,51854
15,2022-12-20,51854
16,2022-12-20,51854
12,2022-12-21,180202
13,2022-12-21,180202
14,2022-12-21,51486
15,2022-12-21,51486
16,2022-12-21,51486
12,2022-12-22,159036
13,2022-12-22,159036
14,2022-12-22,45439
15,2022-12-22,45439
16,2022-12-22,45439
12,2022-12-23,183455
13,2022-12-23,183455
14,2022-12-23,52415
15,2022-12-23,52415
16,2022-12-23,52415
12,2022-12-24,177473
13,2022-12-24,177473
14,2022-12-24,50706
15,2022-12-24,50706
16,2022-12-24,50706
12,2022-12-25,188460
13,2022-12-25,188460
14,2022-12-25,53845
15,2022-12-25,53845
16,2022-12-25,53845
12,2022-12-26,169815
13,2022-12-26,169815
14,2022-12-26,48518
15,2022-12-26,48518
16,2022-12-26,48518
12,2022-12-27,152116
13,2022-12-27,152116
14,2022-12-27,43461
15,2022-12-27,43461
16,2022-12-27,43461
12,2022-12-28,147717
13,2022-12-28,147717
14,2022-12-28,42205
15,2022-12-28,42205
16,2022-12-28,42205
12,2022-12-29,161044
13,2022-12-29,161044
14,2022-12-29,46012
15,2022-12-29,46012
16,2022-12-29,46012
12,2022-12-30,167512
13,2022-12-30,167512
14,2022-12-30,47860
15,2022-12-30,47860
16,2022-12-30,47860
12,2022-12-31,162264
13,2022-12-31,162264
14,2022-12-31,46361
15,2022-12-31,46361
16,2022-12-31,46361
12,2023-01-01,175067
13,2023-01-01,175067
14,2023-01-01,50019
15,2023-01-01,50019
16,2023-01-01,50019
12,2023-01-02,149886
13,2023-01-02,149886
14,2023-01-02,42824
15,2023-01-02,42824
16,2023-01-02,42824
12,2023-01-03,154300
13,2023-01-03,154300
14,2023-01-03,44085
15,2023-01-03,44085
16,2023-01-03,44085
12,2023-01-04,139868
13,2023-01-04,139868
14,2023-01-04,39962
15,2023-01-04,39962
16,2023-01-04,39962
12,2023-01-05,143901
13,2023-01-05,143901
14,2023-01-05,41114
15,2023-01-05,41114
16,2023-01-05,41114
12,2023-01-06,153469
13,2023-01-06,153469
14,2023-01-06,43848
15,2023-01-06,43848
16,2023-01-06,43848
12,2023-01-07,150581
13,2023-01-07,150581
14,2023-01-07,43023
15,2023-01-07,43023
16,2023-01-07,43023
12,2023-01-08,154055
13,2023-01-08,154055
14,2023-01-08,44015
15,2023-01-08,44015
16,2023-01-08,44015
12,2023-01-09,158964
13,2023-01-09,158964
14,2023-01-09,45418
15,2023-01-09,45418
16,2023-01-09,45418
12,2023-01-10,139201
13,2023-01-10,139201
14,2023-01-10,39771
15,2023-01-10,39771
16,2023-01-10,39771
17,2024-08-23,2187747
18,2024-08-23,2187747
19,2024-08-23,625070
20,2024-08-23,625070
21,2024-08-23,625070
17,2024-08-24,2041916
18,2024-08-24,2041916
19,2024-08-24,583404
20,2024-08-24,583404
21,2024-08-24,583404
17,2024-08-25,2223705
18,2024-08-25,2223705
19,2024-08-25,635344
20,2024-08-25,635344
21,2024-08-25,635344
17,2024-08-26,2243963
18,2024-08-26,2243963
19,2024-08-26,641132
20,2024-08-26,641132
21,2024-08-26,641132
17,2024-08-27,1742089
18,2024-08-27,1742089
19,2024-08-27,497739
20,2024-08-27,497739
21,2024-08-27,497739
17,2024-08-28,1840511
18,2024-08-28,1840511
19,2024-08-28,525860
20,2024-08-28,525860
21,2024-08-28,525860
17,2024-08-29,1975844
18,2024-08-29,1975844
19,2024-08-29,564526
20,2024-08-29,564526
21,2024-08-29,564526
17,2024-08-30,1962012
18,2024-08-30,1962012
19,2024-08-30,560575
20,2024-08-30,560575
21,2024-08-30,560575
17,2024-08-31,2080602
18,2024-08-31,2080602
19,2024-08-31,594457
20,2024-08-31,594457
21,2024-08-31,594457
17,2024-09-01,1982983
18,2024-09-01,1982983
19,2024-09-01,566566
20,2024-09-01,566566
21,2024-09-01,566566
17,2024-09-02,1984172
18,2024-09-02,1984172
19,2024-09-02,566906
20,2024-09-02,566906
21,2024-09-02,566906
17,2024-09-03,1861571
18,2024-09-03,1861571
19,2024-09-03,531877
20,2024-09-03,531877
21,2024-09-03,531877
17,2024-09-04,1914946
18,2024-09-04,1914946
19,2024-09-04,547127
20,2024-09-04,547127
21,2024-09-04,547127
17,2024-09-05,1835706
18,2024-09-05,1835706
19,2024-09-05,524487
20,2024-09-05,524487
21,2024-09-05,524487
17,2024-09-06,1902468
18,2024-09-06,1902468
19,2024-09-06,543562
20,2024-09-06,543562
21,2024-09-06,543562
17,2024-09-07,1888341
18,2024-09-07,1888341
19,2024-09-07,539526
20,2024-09-07,539526
21,2024-09-07,539526
17,2024-09-08,1882917
18,2024-09-08,1882917
19,2024-09-08,537976
20,2024-09-08,537976
21,2024-09-08,537976
17,2024-09-09,1824406
18,2024-09-09,1824406
19,2024-09-09,521258
20,2024-09-09,521258
21,2024-09-09,521258
17,2024-09-10,1805799
18,2024-09-10,1805799
19,2024-09-10,515942
20,2024-09-10,515942
21,2024-09-10,515942
17,2024-09-11,1671807
18,2024-09-11,1671807
19,2024-09-11,477659
20,2024-09-11,477659
21,2024-09-11,477659
17,2024-09-12,1735700
18,2024-09-12,1735700
19,2024-09-12,495914
20,2024-09-12,495914
21,2024-09-12,495914
17,2024-09-13,1949128
18,2024-09-13,1949128
19,2024-09-13,556893
20,2024-09-13,556893
21,2024-09-13,556893
17,2024-09-14,1899099
18,2024-09-14,1899099
19,2024-09-14,542599
20,2024-09-14,542599
21,2024-09-14,542599
17,2024-09-15,1791954
18,2024-09-15,1791954
19,2024-09-15,511987
20,2024-09-15,511987
21,2024-09-15,511987
17,2024-09-16,1865788
18,2024-09-16,1865788
19,2024-09-16,533082
20,2024-09-16,533082
21,2024-09-16,533082
17,2024-09-17,1637377
18,2024-09-17,1637377
19,2024-09-17,467822
20,2024-09-17,467822
21,2024-09-17,467822
17,2024-09-18,1447642
18,2024-09-18,1447642
19,2024-09-18,413612
20,2024-09-18,413612
21,2024-09-18,413612
17,2024-09-19,1533488
18,2024-09-19,1533488
19,2024-09-19,438139
20,2024-09-19,438139
21,2024-09-19,438139
17,2024-09-20,1510862
18,2024-09-20,1510862
19,2024-09-20,431674
20,2024-09-20,431674
21,2024-09-20,431674
17,2024-09-21,1687505
18,2024-09-21,1687505
19,2024-09-21,482144
20,2024-09-21,482144
21,2024-09-21,482144
17,2024-09-22,1720991
18,2024-09-22,1720991
19,2024-09-22,491711
20,2024-09-22,491711
21,2024-09-22,491711
17,2024-09-23,1800543
18,2024-09-23,1800543
19,2024-09-23,514441
20,2024-09-23,514441
21,2024-09-23,514441
17,2024-09-24,1603457
18,2024-09-24,1603457
19,2024-09-24,458130
20,2024-09-24,458130
21,2024-09-24,458130
17,2024-09-25,1504769
18,2024-09-25,1504769
19,2024-09-25,429934
20,2024-09-25,429934
21,2024-09-25,429934
17,2024-09-26,1587459
18,2024-09-26,1587459
19,2024-09-26,453559
20,2024-09-26,453559
21,2024-09-26,453559
17,2024-09-27,1399292
18,2024-09-27,1399292
19,2024-09-27,399797
20,2024-09-27,399797
21,2024-09-27,399797
17,2024-09-28,1640388
18,2024-09-28,1640388
19,2024-09-28,468682
20,2024-09-28,468682
21,2024-09-28,468682
17,2024-09-29,1685457
18,2024-09-29,1685457
19,2024-09-29,481559
20,2024-09-29,481559
21,2024-09-29,481559
17,2024-09-30,1452125
18,2024-09-30,1452125
19,2024-09-30,414892
20,2024-09-30,414892
21,2024-09-30,414892
17,2024-10-01,1574280
18,2024-10-01,1574280
19,2024-10-01,449794
20,2024-10-01,449794
21,2024-10-01,449794
17,2024-10-02,1460349
18,2024-10-02,1460349
19,2024-10-02,417242
20,2024-10-02,417242
21,2024-10-02,417242
17,2024-10-03,1408825
18,2024-10-03,1408825
19,2024-10-03,402521
20,2024-10-03,402521
21,2024-10-03,402521
17,2024-10-04,1531905
18,2024-10-04,1531905
19,2024-10-04,437687
20,2024-10-04,437687
21,2024-10-04,437687
17,2024-10-05,1704033
18,2024-10-05,1704033
19,2024-10-05,486866
20,2024-10-05,486866
21,2024-10-05,486866
17,2024-10-06,1545748
18,2024-10-06,1545748
19,2024-10-06,441642
20,2024-10-06,441642
21,2024-10-06,441642
17,2024-10-07,1498411
18,2024-10-07,1498411
19,2024-10-07,428117
20,2024-10-07,428117
21,2024-10-07,428117
17,2024-10-08,1373260
18,2024-10-08,1373260
19,2024-10-08,392360
20,2024-10-08,392360
21,2024-10-08,392360
17,2024-10-09,1297849
18,2024-10-09,1297849
19,2024-10-09,370814
20,2024-10-09,370814
21,2024-10-09,370814
17,2024-10-10,1414328
18,2024-10-10,1414328
19,2024-10-10,404093
20,2024-10-10,404093
21,2024-10-10,404093
17,2024-10-11,1341588
18,2024-10-11,1341588
19,2024-10-11,383310
20,2024-10-11,383310
21,2024-10-11,383310
17,2024-10-12,1449572
18,2024-10-12,1449572
19,2024-10-12,414163
20,2024-10-12,414163
21,2024-10-12,414163
17,2024-10-13,1411313
18,2024-10-13,1411313
19,2024-10-13,403232
20,2024-10-13,403232
21,2024-10-13,403232
17,2024-10-14,1430430
18,2024-10-14,1430430
19,2024-10-14,408694
20,2024-10-14,408694
21,2024-10-14,408694
17,2024-10-15,1348788
18,2024-10-15,1348788
19,2024-10-15,385368
20,2024-10-15,385368
21,2024-10-15,385368
17,2024-10-16,1345740
18,2024-10-16,1345740
19,2024-10-16,384497
20,2024-10-16,384497
21,2024-10-16,384497
17,2024-10-17,1249049
18,2024-10-17,1249049
19,2024-10-17,356871
20,2024-10-17,356871
21,2024-10-17,356871
17,2024-10-18,1305065
18,2024-10-18,1305065
19,2024-10-18,372875
20,2024-10-18,372875
21,2024-10-18,372875
17,2024-10-19,1296616
18,2024-10-19,1296616
19,2024-10-19,370461
20,2024-10-19,370461
21,2024-10-19,370461
17,2024-10-20,1334379
18,2024-10-20,1334379
19,2024-10-20,381251
20,2024-10-20,381251
21,2024-10-20,381251
17,2024-10-21,1343442
18,2024-10-21,1343442
19,2024-10-21,383840
20,2024-10-21,383840
21,2024-10-21,383840
17,2024-10-22,1299591
18,2024-10-22,1299591
19,2024-10-22,371311
20,2024-10-22,371311
21,2024-10-22,371311
17,2024-10-23,1151886
18,2024-10-23,1151886
19,2024-10-23,329110
20,2024-10-23,329110
21,2024-10-23,329110
17,2024-10-24,1262399
18,2024-10-24,1262399
19,2024-10-24,360685
20,2024-10-24,360685
21,2024-10-24,360685
17,2024-10-25,1333304
18,2024-10-25,1333304
19,2024-10-25,380944
20,2024-10-25,380944
21,2024-10-25,380944
17,2024-10-26,1313418
18,2024-10-26,1313418
19,2024-10-26,375262
20,2024-10-26,375262
21,2024-10-26,375262
17,2024-10-27,1408976
18,2024-10-27,1408976
19,2024-10-27,402564
20,2024-10-27,402564
21,2024-10-27,402564
17,2024-10-28,1196410
18,2024-10-28,1196410
19,2024-10-28,341831
20,2024-10-28,341831
21,2024-10-28,341831
17,2024-10-29,1108362
18,2024-10-29,1108362
19,2024-10-29,316674
20,2024-10-29,316674
21,2024-10-29,316674
17,2024-10-30,1038421
18,2024-10-30,1038421
19,2024-10-30,296691
20,2024-10-30,296691
21,2024-10-30,296691
17,2024-10-31,1227312
18,2024-10-31,1227312
19,2024-10-31,350660
20,2024-10-31,350660
21,2024-10-31,350660
17,2024-11-01,1217146
18,2024-11-01,1217146
19,2024-11-01,347756
20,2024-11-01,347756
21,2024-11-01,347756
17,2024-11-02,1211218
18,2024-11-02,1211218
19,2024-11-02,346062
20,2024-11-02,346062
21,2024-11-02,346062
17,2024-11-03,1232824
18,2024-11-03,1232824
19,2024-11-03,352235
20,2024-11-03,352235
21,2024-11-03,352235
17,2024-11-04,1108604
18,2024-11-04,1108604
19,2024-11-04,316744
20,2024-11-04,316744
21,2024-11-04,316744
17,2024-11-05,1252001
18,2024-11-05,1252001
19,2024-11-05,357714
20,2024-11-05,357714
21,2024-11-05,357714
17,2024-11-06,1082768
18,2024-11-06,1082768
19,2024-11-06,309362
20,2024-11-06,309362
21,2024-11-06,309362
17,2024-11-07,1083701
18,2024-11-07,1083701
19,2024-11-07,309629
20,2024-11-07,309629
21,2024-11-07,309629
17,2024-11-08,1152804
18,2024-11-08,1152804
19,2024-11-08,329372
20,2024-11-08,329372
21,2024-11-08,329372
17,2024-11-09,1173996
18,2024-11-09,1173996
19,2024-11-09,335427
20,2024-11-09,335427
21,2024-11-09,335427
17,2024-11-10,1160413
18,2024-11-10,1160413
19,2024-11-10,331546
20,2024-11-10,331546
21,2024-11-10,331546
17,2024-11-11,1064955
18,2024-11-11,1064955
19,2024-11-11,304273
20,2024-11-11,304273
21,2024-11-11,304273
17,2024-11-12,1077789
18,2024-11-12,1077789
19,2024-11-12,307939
20,2024-11-12,307939
21,2024-11-12,307939
17,2024-11-13,1110990
18,2024-11-13,1110990
19,2024-11-13,317425
20,2024-11-13,317425
21,2024-11-13,317425
17,2024-11-14,1085749
18,2024-11-14,1085749
19,2024-11-14,310214
20,2024-11-14,310214
21,2024-11-14,310214
17,2024-11-15,1133642
18,2024-11-15,1133642
19,2024-11-15,323897
20,2024-11-15,323897
21,2024-11-15,323897
17,2024-11-16,1054421
18,2024-11-16,1054421
19,2024-11-16,301263
20,2024-11-16,301263
21,2024-11-16,301263
17,2024-11-17,1029564
18,2024-11-17,1029564
19,2024-11-17,294161
20,2024-11-17,294161
21,2024-11-17,294161
17,2024-11-18,1039965
18,2024-11-18,1039965
19,2024-11-18,297133
20,2024-11-18,297133
21,2024-11-18,297133
17,2024-11-19,996638
18,2024-11-19,996638
19,2024-11-19,284753
20,2024-11-19,284753
21,2024-11-19,284753
17,2024-11-20,1010881
18,2024-11-20,1010881
19,2024-11-20,288823
20,2024-11-20,288823
21,2024-11-20,288823
17,2024-11-21,878959
18,2024-11-21,878959
19,2024-11-21,251131
20,2024-11-21,251131
21,2024-11-21,251131
17,2024-11-22,1066862
18,2024-11-22,1066862
19,2024-11-22,304817
20,2024-11-22,304817
21,2024-11-22,304817
17,2024-11-23,1013278
18,2024-11-23,1013278
19,2024-11-23,289508
20,2024-11-23,289508
21,2024-11-23,289508
17,2024-11-24,1000544
18,2024-11-24,1000544
19,2024-11-24,285869
20,2024-11-24,285869
21,2024-11-24,285869
17,2024-11-25,937821
18,2024-11-25,937821
19,2024-11-25,267948
20,2024-11-25,267948
21,2024-11-25,267948
17,2024-11-26,860467
18,2024-11-26,860467
19,2024-11-26,245847
20,2024-11-26,245847
21,2024-11-26,245847
17,2024-11-27,941885
18,2024-11-27,941885
19,2024-11-27,269110
20,2024-11-27,269110
21,2024-11-27,269110
17,2024-11-28,909646
18,2024-11-28,909646
19,2024-11-28,259898
20,2024-11-28,259898
21,2024-11-28,259898
17,2024-11-29,875109
18,2024-11-29,875109
19,2024-11-29,250031
20,2024-11-29,250031
21,2024-11-29,250031
17,2024-11-30,901599
18,2024-11-30,901599
19,2024-11-30,257599
20,2024-11-30,257599
21,2024-11-30,257599
17,2024-12-01,948784
18,2024-12-01,948784
19,2024-12-01,271081
20,2024-12-01,271081
21,2024-12-01,271081
17,2024-12-02,1010175
18,2024-12-02,1010175
19,2024-12-02,288621
20,2024-12-02,288621
21,2024-12-02,288621
17,2024-12-03,873944
18,2024-12-03,873944
19,2024-12-03,249698
20,2024-12-03,249698
21,2024-12-03,249698
17,2024-12-04,789702
18,2024-12-04,789702
19,2024-12-04,225629
20,2024-12-04,225629
21,2024-12-04,225629
17,2024-12-05,844944
18,2024-12-05,844944
19,2024-12-05,241412
20,2024-12-05,241412
21,2024-12-05,241412
17,2024-12-06,870901
18,2024-12-06,870901
19,2024-12-06,248828
20,2024-12-06,248828
21,2024-12-06,248828
17,2024-12-07,787220
18,2024-12-07,787220
19,2024-12-07,224920
20,2024-12-07,224920
21,2024-12-07,224920
17,2024-12-08,908352
18,2024-12-08,908352
19,2024-12-08,259529
20,2024-12-08,259529
21,2024-12-08,259529
17,2024-12-09,869876
18,2024-12-09,869876
19,2024-12-09,248536
20,2024-12-09,248536
21,2024-12-09,248536
17,2024-12-10,864833
18,2024-12-10,864833
19,2024-12-10,247095
20,2024-12-10,247095
21,2024-12-10,247095
17,2024-12-11,880461
18,2024-12-11,880461
19,2024-12-11,251560
20,2024-12-11,251560
21,2024-12-11,251560
17,2024-12-12,852924
18,2024-12-12,852924
19,2024-12-12,243692
20,2024-12-12,243692
21,2024-12-12,243692
17,2024-12-13,822181
18,2024-12-13,822181
19,2024-12-13,234908
20,2024-12-13,234908
21,2024-12-13,234908
17,2024-12-14,811330
18,2024-12-14,811330
19,2024-12-14,231808
20,2024-12-14,231808
21,2024-12-14,231808
17,2024-12-15,970320
18,2024-12-15,970320
19,2024-12-15,277234
20,2024-12-15,277234
21,2024-12-15,277234
17,2024-12-16,833105
18,2024-12-16,833105
19,2024-12-16,238030
20,2024-12-16,238030
21,2024-12-16,238030
17,2024-12-17,789383
18,2024-12-17,789383
19,2024-12-17,225538
20,2024-12-17,225538
21,2024-12-17,225538
17,2024-12-18,759800
18,2024-12-18,759800
19,2024-12-18,217085
20,2024-12-18,217085
21,2024-12-18,217085
17,2024-12-19,769672
18,2024-12-19,769672
19,2024-12-19,219906
20,2024-12-19,219906
21,2024-12-19,219906
17,2024-12-20,780933
18,2024-12-20,780933
19,2024-12-20,223123
20,2024-12-20,223123
21,2024-12-20,223123
17,2024-12-21,787392
18,2024-12-21,787392
19,2024-12-21,224969
20,2024-12-21,224969
21,2024-12-21,224969
17,2024-12-22,789265
18,2024-12-22,789265
19,2024-12-22,225504
20,2024-12-22,225504
21,2024-12-22,225504
17,2024-12-23,782741
18,2024-12-23,782741
19,2024-12-23,223640
20,2024-12-23,223640
21,2024-12-23,223640
17,2024-12-24,724329
18,2024-12-24,724329
19,2024-12-24,206951
20,2024-12-24,206951
21,2024-12-24,206951
17,2024-12-25,692430
18,2024-12-25,692430
19,2024-12-25,197837
20,2024-12-25,197837
21,2024-12-25,197837
17,2024-12-26,723177
18,2024-12-26,723177
19,2024-12-26,206622
20,2024-12-26,206622
21,2024-12-26,206622
17,2024-12-27,732996
18,2024-12-27,732996
19,2024-12-27,209427
20,2024-12-27,209427
21,2024-12-27,209427
17,2024-12-28,822684
18,2024-12-28,822684
19,2024-12-28,235052
20,2024-12-28,235052
21,2024-12-28,235052
17,2024-12-29,664389
18,2024-12-29,664389
19,2024-12-29,189825
20,2024-12-29,189825
21,2024-12-29,189825
17,2024-12-30,780408
18,2024-12-30,780408
19,2024-12-30,222973
20,2024-12-30,222973
21,2024-12-30,222973
17,2024-12-31,746557
18,2024-12-31,746557
19,2024-12-31,213302
20,2024-12-31,213302
21,2024-12-31,213302
17,2025-01-01,607463
18,2025-01-01,607463
19,2025-01-01,173561
20,2025-01-01,173561
21,2025-01-01,173561
17,2025-01-02,667341
18,2025-01-02,667341
19,2025-01-02,190669
20,2025-01-02,190669
21,2025-01-02,190669
17,2025-01-03,687775
18,2025-01-03,687775
19,2025-01-03,196507
20,2025-01-03,196507
21,2025-01-03,196507
17,2025-01-04,671376
18,2025-01-04,671376
19,2025-01-04,191821
20,2025-01-04,191821
21,2025-01-04,191821
17,2025-01-05,694807
18,2025-01-05,694807
19,2025-01-05,198516
20,2025-01-05,198516
21,2025-01-05,198516
17,2025-01-06,659700
18,2025-01-06,659700
19,2025-01-06,188485
20,2025-01-06,188485
21,2025-01-06,188485
17,2025-01-07,721444
18,2025-01-07,721444
19,2025-01-07,206127
20,2025-01-07,206127
21,2025-01-07,206127
17,2025-01-08,669612
18,2025-01-08,669612
19,2025-01-08,191317
20,2025-01-08,191317
21,2025-01-08,191317
17,2025-01-09,681612
18,2025-01-09,681612
19,2025-01-09,194746
20,2025-01-09,194746
21,2025-01-09,194746
17,2025-01-10,685326
18,2025-01-10,685326
19,2025-01-10,195807
20,2025-01-10,195807
21,2025-01-10,195807
17,2025-01-11,643185
18,2025-01-11,643185
19,2025-01-11,183767
20,2025-01-11,183767
21,2025-01-11,183767
17,2025-01-12,664452
18,2025-01-12,664452
19,2025-01-12,189843
20,2025-01-12,189843
21,2025-01-12,189843
17,2025-01-13,675415
18,2025-01-13,675415
19,2025-01-13,192975
20,2025-01-13,192975
21,2025-01-13,192975
17,2025-01-14,587839
18,2025-01-14,587839
19,2025-01-14,167954
20,2025-01-14,167954
21,2025-01-14,167954
17,2025-01-15,625307
18,2025-01-15,625307
19,2025-01-15,178659
20,2025-01-15,178659
21,2025-01-15,178659
17,2025-01-16,597629
18,2025-01-16,597629
19,2025-01-16,170751
20,2025-01-16,170751
21,2025-01-16,170751
17,2025-01-17,612633
18,2025-01-17,612633
19,2025-01-17,175038
20,2025-01-17,175038
21,2025-01-17,175038
17,2025-01-18,666280
18,2025-01-18,666280
19,2025-01-18,190365
20,2025-01-18,190365
21,2025-01-18,190365
17,2025-01-19,658356
18,2025-01-19,658356
19,2025-01-19,188101
20,2025-01-19,188101
21,2025-01-19,188101
17,2025-01-20,611050
18,2025-01-20,611050
19,2025-01-20,174585
20,2025-01-20,174585
21,2025-01-20,174585
17,2025-01-21,625213
18,2025-01-21,625213
19,2025-01-21,178632
20,2025-01-21,178632
21,2025-01-21,178632
17,2025-01-22,539090
18,2025-01-22,539090
19,2025-01-22,154025
20,2025-01-22,154025
21,2025-01-22,154025
17,2025-01-23,588531
18,2025-01-23,588531
19,2025-01-23,168151
20,2025-01-23,168151
21,2025-01-23,168151
17,2025-01-24,606768
18,2025-01-24,606768
19,2025-01-24,173362
20,2025-01-24,173362
21,2025-01-24,173362
17,2025-01-25,597897
18,2025-01-25,597897
19,2025-01-25,170827
20,2025-01-25,170827
21,2025-01-25,170827
17,2025-01-26,617815
18,2025-01-26,617815
19,2025-01-26,176518
20,2025-01-26,176518
21,2025-01-26,176518
17,2025-01-27,550612
18,2025-01-27,550612
19,2025-01-27,157317
20,2025-01-27,157317
21,2025-01-27,157317
17,2025-01-28,583560
18,2025-01-28,583560
19,2025-01-28,166731
20,2025-01-28,166731
21,2025-01-28,166731
17,2025-01-29,532936
18,2025-01-29,532936
19,2025-01-29,152267
20,2025-01-29,152267
21,2025-01-29,152267
17,2025-01-30,524818
18,2025-01-30,524818
19,2025-01-30,149948
20,2025-01-30,149948
21,2025-01-30,149948
17,2025-01-31,585392
18,2025-01-31,585392
19,2025-01-31,167254
20,2025-01-31,167254
21,2025-01-31,167254
17,2025-02-01,553025
18,2025-02-01,553025
19,2025-02-01,158007
20,2025-02-01,158007
21,2025-02-01,158007
17,2025-02-02,533376
18,2025-02-02,533376
19,2025-02-02,152393
20,2025-02-02,152393
21,2025-02-02,152393
17,2025-02-03,511240
18,2025-02-03,511240
19,2025-02-03,146068
20,2025-02-03,146068
21,2025-02-03,146068
17,2025-02-04,542436
18,2025-02-04,542436
19,2025-02-04,154981
20,2025-02-04,154981
21,2025-02-04,154981
17,2025-02-05,475213
18,2025-02-05,475213
19,2025-02-05,135775
20,2025-02-05,135775
21,2025-02-05,135775
17,2025-02-06,553286
18,2025-02-06,553286
19,2025-02-06,158081
20,2025-02-06,158081
21,2025-02-06,158081
17,2025-02-07,470349
18,2025-02-07,470349
19,2025-02-07,134385
20,2025-02-07,134385
21,2025-02-07,134385
17,2025-02-08,586932
18,2025-02-08,586932
19,2025-02-08,167695
20,2025-02-08,167695
21,2025-02-08,167695
17,2025-02-09,547293
18,2025-02-09,547293
19,2025-02-09,156369
20,2025-02-09,156369
21,2025-02-09,156369
17,2025-02-10,520743
18,2025-02-10,520743
19,2025-02-10,148783
20,2025-02-10,148783
21,2025-02-10,148783
17,2025-02-11,483395
18,2025-02-11,483395
19,2025-02-11,138112
20,2025-02-11,138112
21,2025-02-11,138112
17,2025-02-12,488786
18,2025-02-12,488786
19,2025-02-12,139653
20,2025-02-12,139653
21,2025-02-12,139653
17,2025-02-13,479204
18,2025-02-13,479204
19,2025-02-13,136915
20,2025-02-13,136915
21,2025-02-13,136915
17,2025-02-14,522870
18,2025-02-14,522870
19,2025-02-14,149391
20,2025-02-14,149391
21,2025-02-14,149391
17,2025-02-15,513590
18,2025-02-15,513590
19,2025-02-15,146740
20,2025-02-15,146740
21,2025-02-15,146740
17,2025-02-16,515024
18,2025-02-16,515024
19,2025-02-16,147149
20,2025-02-16,147149
21,2025-02-16,147149
17,2025-02-17,484925
18,2025-02-17,484925
19,2025-02-17,138550
20,2025-02-17,138550
21,2025-02-17,138550
17,2025-02-18,467708
18,2025-02-18,467708
19,2025-02-18,133630
20,2025-02-18,133630
21,2025-02-18,133630
